Schematic_Link_ID,Schematic_Origin_ID,Schematic_Destination_ID
2025,37,472
2026,38,447
2027,1,428
2029,429,8
2030,430,64
2028,431,15
2035,434,38
2034,432,6
2032,39,434
2031,41,436
2033,437,43
2128,74,437
2038,439,42
2077,43,439
2036,442,46
2135,45,442
2069,443,9
2122,46,443
2037,445,48
2039,49,445
2043,446,43
2094,29,407
2112,449,52
2119,433,53
2107,466,56
2416,55,466
2041,467,58
2049,56,467
2058,436,57
2152,468,7
2599,48,468
2104,412,11
2110,398,14
2113,386,59
2565,391,16
2106,385,73
2102,426,69
2136,400,14
2143,384,13
2200,402,62
2059,390,4
2116,399,41
2639,415,29
2090,416,18
2057,383,40
2092,433,38
2148,401,4
2081,408,24
2040,404,15
2168,392,45
2079,389,4
2080,382,3
2150,394,15
2062,397,8
2555,388,11603
2115,423,65
2351,406,70
2060,396,64
2071,395,9
2482,393,64
2461,413,60
2553,403,62
2097,32,411
2405,30,415
2140,19,416
2459,34,413
2044,9,391
2270,5,392
2295,3,389
2052,15,395
2101,4,394
2199,6,382
2133,2,390
2056,421,384
2898,11,388
2652,16,496
2889,7,397
2480,17,477
2074,22,403
2129,24,404
2065,25,400
2125,18,383
2308,29,449
2105,10,410
2124,3,408
2082,5,405
2085,8,399
2187,422,28
2268,420,423
2464,424,27
2224,407,39
2681,36,471
2078,23,402
2123,427,23
2045,471,1
2120,473,7
2192,475,16
2584,58,475
2538,58,476
2067,2,501
2356,481,4
2238,489,14
2098,492,51
2076,59,493
2156,494,11593
2118,60,494
2142,495,13
2096,496,62
2641,62,393
2674,497,7
2506,65,498
2411,499,72
2070,500,73
2144,958,333
2130,276,960
2533,961,329
2393,316,961
2620,293,962
2690,963,332
2108,965,254
2328,966,272
2840,333,966
2189,967,272
2303,968,333
2864,968,334
2605,969,332
2099,970,339
2585,341,970
2169,339,964
2338,336,972
2068,337,973
2575,974,254
2146,349,975
2514,338,976
2063,977,344
2158,310,977
2865,978,345
2426,344,978
2132,980,268
2088,347,981
2073,348,982
2103,349,983
2452,983,338
2294,984,332
2773,352,985
2624,355,986
2530,989,351
2055,501,25
2731,70,503
2357,503,1
2671,504,36
2467,504,29
2208,506,29
2810,72,506
2223,508,74
2928,57,508
2396,510,76
2494,511,57
2139,512,9
2457,513,20
2195,514,46
2206,515,76
2111,516,48
2089,530,110
2084,567,84
2364,537,114
2666,568,98
2400,564,105
2047,533,115
2622,566,95
2391,550,82
2379,563,105
3169,527,79
2190,528,137
2398,548,149
2748,551,83
2053,553,92
2501,555,140
2521,544,85
2147,543,86
2907,547,149
2594,545,98
2121,529,110
2420,573,87
3167,532,113
2903,534,113
2334,535,113
2137,536,113
2838,569,140
2606,565,96
2311,561,116
2916,560,94
2095,538,111
2471,523,87
2117,572,90
2061,557,225
2091,571,93
2134,558,131
2264,554,84
2083,574,126
2322,559,89
2489,549,81
2048,552,83
2659,546,97
2269,562,82
2656,540,101
2465,524,99
2087,542,104
2165,539,134
2042,525,100
2399,531,110
2241,84,572
2404,131,523
2415,95,549
2603,107,524
2114,103,544
2754,101,541
2284,99,540
2109,100,539
2397,561,576
2344,132,557
2072,558,89
2275,559,94
2902,560,522
2202,124,556
2414,139,554
2279,82,551
2541,83,553
2093,78,564
2345,79,566
2050,80,565
3065,96,552
2211,563,77
2327,81,550
2352,105,548
2064,545,86
2568,562,98
2478,547,97
2086,87,570
2445,106,528
2365,108,527
2257,109,526
2516,79,535
2341,77,532
2046,85,530
2204,529,86
2535,88,537
2433,80,536
2403,534,78
2220,538,94
2100,121,533
2267,114,615
2159,113,569
2750,110,567
2155,115,568
2551,90,571
2583,575,128
2313,577,117
2424,118,579
2531,119,580
2234,120,581
2930,581,116
2366,582,121
2481,128,582
2519,583,124
2868,122,583
2326,584,122
2790,123,584
2771,126,586
2314,587,164
2417,127,587
2216,588,88
3123,128,588
2618,589,140
3064,590,84
2320,131,591
2830,592,111
2602,592,89
2660,593,132
2286,600,102
2953,601,78
2153,135,601
2739,603,80
2532,137,603
2526,88,614
2527,615,84
2592,618,77
2924,620,81
2718,622,83
2947,623,139
2261,519,97
2782,631,134
2850,632,102
2597,633,104
2774,518,86
2437,634,98
2358,635,94
2342,636,89
2408,637,131
2644,638,91
2181,517,132
2373,641,96
2340,642,80
2601,644,122
2680,645,124
2212,646,139
2539,92,646
2145,93,574
2878,649,81
2682,149,649
2451,650,84
2244,651,152
2978,655,92
2649,654,92
3017,657,224
2183,3712,3846
2563,659,154
2179,660,160
2490,673,156
2289,664,157
2258,663,158
2661,156,663
2655,158,664
2566,157,665
3125,153,662
2242,666,154
2491,783,153
2175,158,668
2271,668,281
2448,669,160
2811,154,671
2675,670,160
2346,671,160
2523,672,153
2554,662,161
2385,161,673
2423,679,158
2927,680,156
2332,713,163
2994,699,165
2287,700,169
2219,707,187
2276,698,167
2330,712,180
2194,2738,192
2475,701,168
2611,709,189
3023,704,190
2300,702,204
2691,688,178
2460,689,175
2331,695,181
2290,694,180
3143,705,190
2982,168,705
2285,170,688
2203,178,689
2959,190,710
2236,186,734
2376,740,192
2316,684,187
2543,737,184
2822,708,164
2926,706,169
2497,170,704
2343,166,698
2630,168,702
3046,703,179
3009,180,695
2210,209,694
2628,165,712
2256,162,699
2477,197,700
2507,715,167
2525,189,715
2673,716,189
2185,717,166
2215,718,166
2274,719,204
2266,722,164
2321,168,723
2935,726,197
2127,165,726
2243,198,727
2209,169,728
2870,729,189
2302,730,199
2689,730,181
2458,731,167
2455,731,199
2182,732,200
2633,200,736
2493,733,210
2640,181,733
2388,734,166
2600,736,167
2546,737,167
2923,749,163
2402,750,3776
2621,751,173
2901,752,178
2662,681,175
2658,753,174
2231,754,177
2483,755,176
2544,757,167
2580,758,168
2721,759,179
2430,175,761
2232,762,179
2162,762,204
2904,205,763
2572,763,166
2629,684,167
2853,764,207
3337,206,764
2736,207,713
2476,766,206
2746,767,207
2367,768,209
2297,164,768
2251,210,769
2872,770,204
3069,775,233
2436,776,213
2237,777,217
2495,786,245
2595,803,266
2502,785,213
2246,784,223
2305,774,212
2547,781,219
3097,239,774
3153,215,775
2317,212,776
2767,213,777
2207,217,778
2804,214,783
2278,233,803
2370,220,787
2205,798,221
3124,799,221
2389,221,806
2323,793,213
2589,793,266
3027,212,794
2860,225,795
2635,824,226
2843,226,796
2380,797,214
3000,237,799
2418,801,229
2632,233,802
2292,823,250
2567,806,247
2434,805,250
2075,807,219
2668,810,237
2517,215,810
2511,813,233
2548,816,217
2715,817,218
2775,818,216
2265,820,214
2833,821,215
2604,780,240
2441,825,214
2892,826,244
2353,828,233
2443,244,828
2479,829,226
3117,831,4449
2827,832,240
2160,838,247
2248,244,833
2177,834,248
2359,247,834
2996,833,249
2571,250,827
2444,249,836
2427,837,240
2869,329,837
2227,249,838
2222,836,221
2726,237,839
2809,839,248
2937,248,835
2213,840,250
2131,248,840
2503,841,308
2654,860,214
2695,856,275
3171,859,280
3141,854,334
2188,895,318
3038,861,332
2170,850,258
3104,862,279
2896,858,293
3062,847,325
2299,794,266
3131,849,254
2466,851,317
2249,853,271
3113,852,259
2560,863,253
2677,845,846
2789,254,850
2598,258,851
2154,255,852
2537,259,853
2446,854,260
2989,257,849
2410,267,860
2991,261,923
2406,280,889
2293,264,861
2946,292,858
2337,268,864
3012,865,260
2577,271,865
2829,866,341
3013,271,866
2218,275,949
3072,867,272
2315,867,253
2777,868,270
2301,284,868
2944,869,252
2728,869,270
3067,870,259
2992,332,870
2431,975,262
3320,871,328
2450,872,328
2312,873,328
2945,874,334
2844,876,276
3043,876,346
2453,4692,878
3016,878,268
2768,276,880
2273,842,267
2802,337,881
2733,891,251
2764,892,257
2665,893,253
2579,883,332
2217,279,883
2685,884,264
2831,279,884
2761,886,332
2650,887,347
2161,278,887
2260,889,158
2867,283,891
2817,251,892
2961,252,893
3116,254,895
2407,269,916
2664,293,896
2472,334,907
3074,907,284
2542,916,283
2354,917,283
2429,296,917
2784,923,214
2454,924,328
2825,365,924
2616,927,256
2569,929,254
2788,930,258
3159,931,255
2976,932,259
2954,933,260
3229,934,272
2846,936,266
2847,309,936
2704,345,786
2336,311,937
3079,938,312
2498,312,939
2272,942,263
2149,338,943
2845,316,947
2347,947,336
2645,948,255
3028,317,948
2800,345,950
2221,950,336
2488,318,951
3063,951,259
2409,952,319
2687,259,952
2425,319,953
2792,864,340
2855,955,256
2492,958,328
2882,352,990
3133,997,354
2786,1019,993
2813,990,353
2623,991,355
3118,368,992
2716,992,353
2556,358,995
3112,361,997
3081,998,365
3126,999,366
2505,362,998
2931,363,999
3100,1000,362
2282,1001,364
3138,362,1001
3051,1002,363
2922,364,1002
2781,363,1017
3030,1003,368
2520,1004,359
2683,1009,378
2419,1010,378
2377,1011,369
2706,370,1011
2534,377,1016
2700,379,874
2401,1410,1022
2637,1409,1022
2667,1039,1409
2797,1412,1023
2339,1413,1024
2709,1414,1033
2593,1034,1414
3053,1415,1034
2360,1419,1027
2932,1425,1032
2591,1032,1433
2335,1437,1026
2239,1438,1027
2852,1441,1023
3036,1442,1021
2987,1475,1050
3025,1445,1049
3099,1446,1043
2839,1448,1055
2280,1458,1040
3102,1447,1054
2734,1459,1044
2439,1039,1447
2487,1037,1448
2701,1043,1455
2394,1446,1049
3084,1054,1461
2876,1453,1045
2895,1456,1046
3158,1046,1459
2848,1462,1040
3070,1464,1049
2807,1468,1045
3093,1468,1052
2806,1040,1466
2642,1473,1051
3095,1054,1473
3127,1055,1474
2371,1479,1066
3085,1479,1057
2911,1444,1040
2861,1484,1039
2510,1486,1042
2729,1483,1043
2955,1488,1058
2693,1487,1045
2763,1501,1046
2995,1499,1040
2390,1053,1475
3135,1506,1077
2529,1504,1079
2758,1512,1078
2421,1502,1072
2980,1072,1512
2296,1073,1504
2163,1074,1505
2874,1086,1507
2291,1514,1074
2277,1515,1073
3454,1078,1515
2815,1079,1516
2985,1080,1525
2787,1079,1519
2972,1078,1518
3066,1072,1517
2646,1519,1080
2496,1078,1520
2692,1520,1089
3148,1521,1085
3142,1524,1079
2915,1089,1524
2857,1527,1072
2653,1528,1073
2841,1529,1074
2508,1534,1080
2990,1077,1535
2866,1535,1084
2723,1536,1089
3083,1071,1537
2557,1538,1086
2686,1539,1085
2564,1090,1553
2752,1091,1551
2988,1541,1091
2361,1092,1552
3002,1543,1093
2329,1546,1093
2696,1106,1548
2368,1548,1095
3078,1551,1100
3052,1552,1100
2196,1553,11584
2319,1554,7050
2871,1099,1554
2473,1555,1095
2727,1560,1093
2688,1100,1560
3129,1561,1094
2711,1566,1104
2891,1134,1566
2949,1567,1106
2684,1134,1568
3109,1571,1107
2259,1570,1134
3040,1572,1108
2837,1568,1109
3001,1573,1102
2253,1573,1110
2484,1110,1570
2705,1575,1113
2826,1581,1122
3055,1582,1112
2226,1584,1121
2588,1112,1585
2462,1586,1119
2051,1124,1588
2363,1592,1093
2378,1130,1593
2890,4165,1109
3128,1595,1106
2180,1596,1093
2167,1597,1134
2138,1598,1103
3105,1599,1093
2485,1600,1094
2651,1622,1144
2956,1621,1230
2513,1615,1173
3166,1624,1140
3106,1627,1146
2776,1628,1166
2587,1137,1602
2214,1148,1609
3044,1150,1611
3018,1152,1605
2193,1138,1606
2619,1153,1607
2770,1141,1616
2504,1142,1626
2362,1140,1625
3058,1139,1622
2392,1160,1621
2702,1633,1172
2713,1163,1633
3119,1634,1161
2384,1636,1163
2973,1162,1636
2252,1639,1143
2760,1164,1641
2888,1172,1647
2570,1651,1275
2374,1661,1181
2512,1654,1231
2634,1655,1182
2283,1660,1183
2703,1230,1660
2586,1178,1662
3045,1662,1297
2669,1182,1663
2247,1668,1183
2997,1669,1178
2447,1670,1184
3091,1671,10657
3146,1187,1671
2854,1188,1672
2712,1151,1674
2820,1743,1191
2245,1198,1684
2751,1201,1686
2626,1687,1203
2730,1204,1687
2897,1689,1746
2678,1691,1206
3144,1692,1209
2828,1692,1208
2749,1693,1209
2631,1694,1208
2908,1210,1694
2648,1695,1137
2834,1695,1211
2561,1696,1222
2499,1696,1212
3172,1697,1212
2836,1697,1207
2779,1705,1139
2643,1706,1172
2744,1709,1186
2201,1711,1151
3145,1712,1152
2808,1713,1138
2536,1716,1137
2545,1717,1148
2164,1718,1149
2615,1721,1165
2318,1723,1143
2914,1724,1140
2574,1221,1736
2171,1167,4469
2967,1738,1156
2886,1222,1738
2348,1739,1211
3174,1739,1222
2913,1741,1153
2518,1229,1743
3071,1745,1181
2582,1231,1744
2449,1744,1232
2309,1747,1151
2262,1748,1151
2609,1749,1190
3003,1750,1190
2228,1752,1149
2438,1753,1227
2963,1429,1162
2528,1754,1255
2981,1755,1235
2906,1235,1754
2849,1756,1240
2785,1280,1756
3026,1241,1759
2862,1762,1245
2818,1252,1762
2708,1256,1767
3168,1245,1768
3010,1239,1770
2387,1783,1248
2958,1805,1245
2899,1254,1805
2054,1779,1249
2742,1249,1783
3101,1765,1247
2627,1799,1239
2298,1790,1255
2197,1807,1257
3049,1789,1275
2250,1268,1789
2957,1265,1801
2999,1275,1800
3019,1808,1277
2740,1811,1278
2743,1809,1236
2962,1825,1244
2612,1821,1248
2422,1828,1284
2281,1283,1826
2608,1827,1286
2975,1285,1827
2720,1833,1292
3011,1834,1290
2578,1290,1833
2382,1830,1179
3305,1295,1661
2863,1297,1859
2304,1837,1288
2172,1840,1179
2428,1835,1295
2173,1841,1296
2469,1877,1288
2801,1843,1295
3057,1293,1842
2596,1298,1846
3134,1296,1847
2435,1848,1296
2350,1839,1288
2942,1849,1288
2737,1852,1288
2233,1850,1285
2780,1301,1855
2918,1851,1230
2254,1302,1851
2372,1859,1303
2349,1306,1854
2663,1307,1857
2974,1293,1856
2617,1856,1306
2470,1303,1862
2333,1862,1298
2463,1863,1306
2969,1868,1308
2240,1876,1296
2950,1866,1311
3077,1869,1311
2412,1312,1870
2986,1871,1314
2524,1314,1873
3176,1319,1871
2735,1313,1877
3140,1315,1878
2983,1879,1316
3090,1321,1880
2970,1884,1324
2732,1317,1884
2157,1324,1885
3115,1886,1317
2229,1318,1886
2778,1887,1316
2910,1891,1324
3110,2011,1328
3039,1320,1894
2166,1328,1898
2383,1899,1321
2549,1903,1319
3080,1326,1902
2905,1902,1331
2769,1331,1903
2879,1904,1319
2952,1330,1904
2324,6689,1907
2230,1908,1326
2550,6689,1908
2066,1914,6676
3075,1911,1320
2762,1333,1911
2799,1913,1338
2562,1341,1915
2883,1916,1340
2325,1341,1916
2719,1351,1923
2235,1925,1353
2614,1344,1926
2819,1930,1347
2725,1348,1930
2225,1348,1931
2858,1352,1932
2625,1933,1346
2759,1921,1933
2929,1934,1359
2184,1346,1934
3035,1352,1936
3056,1344,1937
3164,1937,1356
2672,1356,1941
2979,1921,1947
2741,1948,1350
2796,1949,1349
2386,1919,1353
3047,1950,1922
3154,1357,1956
2432,1958,1357
3041,1360,1958
2186,1361,1961
2698,1359,1962
2968,1343,1963
2887,1963,1366
2851,1364,1965
2699,1968,1369
2151,1343,1968
2884,1970,1369
2607,1971,1373
2977,1976,1350
2877,1348,1982
2766,1983,1370
3092,1921,1983
3033,1370,1985
2310,1372,1986
2141,1961,1230
2198,1303,1975
2413,1987,1374
2794,1390,1998
3121,1395,2003
3029,2003,1392
2697,2004,1391
2174,739,1036
2576,710,1036
2919,660,1039
2647,665,1022
2670,281,1430
2559,1536,253
3032,1541,362
3107,472,0
2747,447,0
2552,0,431
2965,782,214
2745,880,3137
2856,3137,841
3184,3014,1003
2765,985,3014
2772,986,3014
3157,1418,1026
2948,1407,1039
3008,706,1050
3361,1428,3202
3233,1939,1330
3187,1063,1495
3191,1648,1160
3226,675,153
3347,667,153
2381,676,153
3357,677,153
2756,674,174
2943,626,225
2757,796,206
2875,3655,798
3346,3273,1162
2793,653,226
3296,652,226
3358,3193,226
2474,498,66
3210,477,20
3480,507,20
3369,409,21
3188,3284,269
3488,2676,3284
2694,2894,4009
2717,2921,2881
3048,292,911
2573,2710,298
3130,940,3173
2933,3173,2710
2755,299,938
3354,313,940
3020,939,3394
3086,982,335
2636,3476,4009
2540,3738,3844
3006,290,910
3282,3581,269
2900,3247,3170
3007,290,935
2971,910,3247
3082,935,6310
3197,309,877
3335,229,800
2880,800,227
3397,227,821
2515,323,801
3374,957,4791
2791,2679,6492
3096,1365,1966
2842,1373,1977
2960,3467,1352
2288,1337,1971
3034,1340,1917
3132,1917,1312
2816,1932,1345
3313,1873,1312
3254,1369,1969
2638,3777,1311
3452,1335,1905
3224,1905,1340
3087,2803,3276
3204,3201,3163
2191,3343,3163
3149,2006,1390
3471,3218,3329
2707,3329,2998
2500,3179,356
2893,376,1015
3152,1015,372
3111,369,1012
2925,1012,376
2885,3089,3150
3120,3150,2964
3310,2964,372
3378,3298,359
2176,792,223
2355,579,3407
3350,3407,651
3194,578,577
2940,707,162
3219,624,84
2795,647,140
3295,236,808
3321,1094,1543
3022,411,28
2909,417,385
3059,3394,2917
3377,792,173
3457,308,842
3216,3384,3300
2835,3352,3300
3165,2998,3181
3243,3015,2369
3162,3317,3179
3328,3406,3352
3370,3406,3435
3301,360,3089
3395,1118,1584
3489,1688,1171
3189,1698,1213
3061,1350,1927
3277,3276,3201
3364,3163,2984
3315,2824,2006
3192,3147,2679
3178,3409,3299
3225,2440,2921
3207,14,515
3198,10,398
3342,76,396
3190,33,412
3235,438,77
3236,42,438
3340,134,600
3348,102,542
3021,104,543
3240,35,414
3331,335,979
3251,1354,1928
3294,425,67
3448,835,222
3493,1628,1146
3338,1629,1147
3203,1176,1653
3200,2832,823
3266,1874,1230
3451,419,422
3403,493,12
3325,476,26
3351,444,26
3199,546,85
3443,541,103
3333,2917,313
3186,1007,989
3304,273,963
3222,285,926
3440,926,273
3442,943,255
3487,340,974
3239,802,239
3485,235,809
3475,738,185
3264,308,925
3316,882,277
3214,976,341
3180,378,863
3289,369,1014
3267,1540,358
3290,1121,1582
3458,1133,1578
3234,1574,1103
3307,1122,1586
2307,1112,1581
3464,1376,2010
3362,1396,3161
3183,1980,1305
3400,1181,1655
3208,1182,1656
3271,1180,1657
3408,1659,1184
3466,1178,1659
3414,1184,1668
3280,1710,1183
3281,1185,1670
3425,1166,1643
3185,1643,1147
3450,1117,1577
2714,2509,3343
2805,1847,1232
3366,1858,1301
3250,735,166
3297,21,401
3232,1474,3421
3261,1461,3421
3265,3248,3427
3286,3257,3248
3263,3398,3303
3365,3456,3417
3306,3344,3323
3596,3427,3344
3598,3213,3482
3314,3479,3257
3541,3213,3349
3446,3415,3470
3469,3419,3492
3504,3332,3419
3589,3436,3392
3410,3212,3312
3650,3390,3303
4057,3492,3386
3626,3386,3449
3536,3462,3334
4299,1440,1028
3620,1308,1865
3586,1353,1924
3659,220,781
3515,827,220
3587,789,240
3268,788,240
4060,173,687
3884,687,170
4208,686,173
3792,3776,686
3848,163,685
3567,1016,359
3445,1516,1074
3439,1310,3777
3666,1972,1365
3360,1337,1972
3565,4680,3317
3453,3794,1085
3815,1085,1513
3481,1508,1085
3621,1525,1085
3272,12019,1508
4081,678,157
3423,1075,1510
3401,1510,1086
4271,1076,1509
4248,1072,1534
3513,1518,1080
3561,1509,1086
3588,964,1086
3639,1086,1435
3269,31,424
3638,761,203
3426,203,690
3767,690,174
3428,174,691
4245,693,1039
4011,176,693
3615,692,176
3447,177,692
3632,3506,177
3460,691,3916
3530,3916,3506
3512,953,334
3241,368,873
3856,937,310
3623,599,77
4235,77,575
3643,531,82
3675,3449,3368
3991,3312,3436
4127,3382,3212
3969,3392,3398
3422,3430,3415
3611,3470,3465
3270,1947,1355
3745,1736,1143
4266,570,162
3647,1284,1829
3628,1283,1828
3609,1285,1831
3542,1707,1181
3518,1416,1033
3646,1064,1497
3437,1037,1481
3526,1058,1480
3339,1480,1063
3473,1451,1058
3568,69,500
3308,28,425
3510,67,499
3523,426,29
3535,808,3381
3262,3916,658
3341,795,241
3309,241,824
3543,223,807
3274,714,214
3624,771,178
3432,814,212
3529,815,213
3528,1345,1939
3575,3122,3467
3599,1974,1354
3459,1355,1957
3399,73,507
3429,478,6
3612,427,12
3602,428,4
3318,409,6
3258,64,497
3641,479,12
3396,418,386
3345,116,3474
3324,1170,3468
3413,1134,3571
3613,3407,3520
3431,1203,3533
3584,312,3649
3578,354,3592
3293,359,3253
3559,1354,3595
3524,269,3883
3546,1103,3607
3663,117,3260
3527,18,3618
3517,300,4234
3433,268,3614
3311,485,8
3558,484,7
3548,51,446
3636,521,99
3648,628,101
3635,629,103
3582,630,85
4216,639,78
3227,640,79
3497,520,95
3597,372,1004
3604,1136,1598
3371,1135,1597
3562,151,650
3630,243,826
3531,1457,1048
3556,29,3555
3932,27,4080
3566,502,2
3600,791,222
3259,3655,804
3416,3616,3655
3625,224,3616
3622,3655,791
3393,88,573
3547,656,224
3601,556,224
3560,224,790
3494,647,224
3594,790,3381
4128,3502,225
3631,3381,3502
3385,809,236
3217,61,495
3661,225,825
3653,1896,1317
3619,1999,1390
3356,3050,1125
3463,1123,3050
3697,1123,3319
4025,2005,1112
3498,1391,2005
3627,241,797
3511,773,170
3496,175,714
3608,1119,1580
3574,1120,1579
3509,1583,10536
3500,136,602
3508,602,123
3743,125,585
3965,585,136
3591,138,604
3503,604,151
3860,1095,1544
3544,1901,1104
3563,1901,1323
3658,1288,1419
4007,1511,1074
3551,1111,2008
3539,1382,1993
3557,1398,2013
3534,1397,2014
4233,1580,1120
4087,1352,3654
3244,350,987
3532,351,988
3606,353,991
3553,355,1000
3375,357,994
3629,1601,1094
3444,1403,1897
3552,1383,1988
3656,1338,1914
3499,1131,1595
3278,1109,1571
3580,1572,1107
3441,1108,1567
3637,1095,1561
3572,1093,1511
3634,2019,1401
3583,701,167
3570,3421,1445
3545,1491,1038
3246,482,9
3519,483,16
3593,207,765
3538,765,214
3633,580,117
3438,1197,1637
3522,1161,1702
3249,1702,1197
4069,5121,1701
3642,1629,1197
3255,1410,160
3727,3846,661
3719,153,3712
3838,153,659
4000,1436,1028
3942,1418,1027
3976,1417,4541
3717,1481,1020
3741,1497,1020
4296,1433,1033
4219,1431,1032
3822,1020,1431
4269,1407,1020
4218,1071,1506
3645,1505,1071
4308,1399,1912
3982,1083,1533
4144,1532,1083
3801,1026,1428
4231,4826,1047
3746,1460,1227
3873,1456,1047
3285,1047,1492
3355,256,848
4150,276,785
3667,240,830
4311,819,219
3514,219,782
4184,787,308
4114,220,784
3797,1430,1022
3702,1435,1022
3709,1022,4052
4226,4052,1086
3664,1443,1022
4028,4032,1024
4017,1085,4032
4244,1024,3794
3983,1517,1076
3840,1878,1316
3941,885,279
4176,320,954
3764,954,292
4130,3299,3247
3871,288,908
3693,287,909
3671,909,290
3722,1984,1352
4125,1309,1874
4168,1870,1311
3850,1311,1876
3979,890,308
4129,277,890
3934,278,859
4027,881,277
4112,972,308
4172,347,882
3734,981,308
4180,2024,1383
4110,1688,1213
4169,1698,1202
3747,1630,1202
3704,1630,1207
3736,1689,1205
4024,1690,1205
3723,1690,1206
3790,3800,1212
4141,1751,1211
4016,1602,1148
4277,1149,1610
4126,1609,1149
3985,1610,1150
4104,1611,1164
4033,1165,1642
3733,1641,1165
3839,1642,1139
3673,1618,4779
3937,1156,1631
3775,1730,1144
4077,1143,1617
4072,1170,1632
4088,1632,1188
3859,1672,1151
4153,1674,1190
3835,1190,1604
3803,1604,1152
3732,1605,1138
3701,1606,1153
4036,1607,1154
3841,1608,1154
4133,1725,1142
4066,1726,1145
3716,1727,1146
3874,1200,1614
4247,1157,1634
4050,1151,1673
3900,1200,1733
4199,1214,1741
3896,1158,1620
3872,1620,1197
4004,1684,1199
4137,1676,1175
3987,1229,1652
4040,1653,1177
3919,1652,1176
3573,1196,1680
4272,1191,1679
4273,1191,1678
3909,1797,1270
3938,1269,1797
4099,1801,1269
4683,1266,1817
4063,1817,3279
3917,1796,1266
3831,1268,1785
3894,1265,1796
4509,1785,1265
3861,1798,1268
4412,1271,1812
3710,1701,1242
4497,1242,1818
4550,1264,1798
4357,1812,1264
4012,1819,1272
4745,1800,1274
4407,1815,1267
3718,1814,1273
4444,1729,1147
3881,1728,1166
3796,1640,1197
4206,5121,1682
4392,1608,1140
4809,1612,1140
3975,1231,1615
4146,1189,1644
4237,1644,1158
3740,198,1472
4154,414,5
4283,491,46
3670,490,5
3680,44,440
3730,440,51
4260,526,135
4639,301,913
3963,643,123
4354,877,282
4082,586,127
4108,1501,1066
4572,1421,1026
4762,1173,1648
4583,1292,1841
3782,1275,1819
4364,1274,1814
3921,1272,1815
4347,1277,1811
4658,1271,1808
4166,1818,1271
4651,1466,1052
4170,1500,1049
3960,3298,3372
4608,1018,362
3936,1472,1053
4051,1440,1084
3759,1957,1360
4374,648,92
4765,129,648
4787,1507,1075
4195,1088,1538
4709,1200,1685
3892,4503,1705
4292,1113,1591
4694,1127,1575
4792,619,105
3929,1563,1102
2126,13,502
4211,3449,3353
4262,48,444
3780,4049,525
3957,685,172
4120,1493,1057
4297,1040,3998
3828,3389,3605
3672,3590,3389
2263,773,214
4301,1162,1834
4232,1792,1244
4281,4186,3462
3668,4074,4186
3834,3303,4074
3708,1241,3495
4029,3495,4186
4254,4188,627
3818,3922,3456
3772,1303,1858
3700,3882,1247
3692,3170,3868
3735,3868,3738
4173,3844,3581
3901,170,729
3853,928,257
3989,84,555
4267,91,593
3814,591,91
4098,720,166
3984,1457,1036
4045,1458,1036
3684,4215,3800
3795,486,41
3681,487,74
3953,380,43
3857,1482,1037
3724,4200,4124
4047,4124,1193
3855,1680,1215
3994,1679,1196
3779,488,42
3669,1265,4055
3964,4055,3685
4227,960,329
3501,3353,1254
4162,1779,1243
3997,3376,3256
3837,3376,3359
3521,1248,1769
3826,1768,1248
3824,3482,3257
3959,1769,1279
3706,1279,1825
3789,96,4240
3549,4240,113
3678,756,166
4224,166,716
4100,166,732
3825,735,188
3885,722,188
4001,738,167
3698,682,166
4238,682,193
4046,708,193
4236,683,191
3878,182,697
4135,697,211
3756,696,182
3851,171,696
3564,769,171
4225,2738,211
3999,723,191
4181,711,192
4038,179,711
3676,1068,1498
4179,211,1503
3970,1503,1068
3808,1498,1048
4178,1490,1040
4305,1323,3807
4284,1397,4053
4149,1813,1279
3687,4241,3576
4300,1279,4241
4304,3925,4158
3971,1759,3925
3880,3303,3913
3662,3913,3576
4056,172,3765
4101,3765,3776
4067,4204,281
3748,341,4204
3810,4123,1115
4163,1576,3785
4094,3785,4123
3757,4280,3802
4006,3802,353
4058,987,4280
3923,988,350
4073,995,350
4246,994,356
3866,356,3554
3912,3751,3014
3961,4043,3907
3864,1171,4043
4078,387,6
4152,12,387
3791,53,406
3887,450,53
4309,450,12
4018,804,2832
4113,627,172
4230,3998,3421
3651,1067,1500
3753,183,739
3904,480,3
3705,451,57
3665,54,451
4189,625,224
3879,3682,1051
4054,1077,1532
3720,1714,1153
4270,1715,1154
4086,4142,4276
3728,4276,1154
3569,1720,1164
3804,1719,1150
4151,4255,3770
3505,3770,1150
4191,1556,1094
3863,1544,1096
4145,4243,3952
3758,3952,1106
3832,3842,356
3847,4003,3842
3980,150,599
3943,621,82
3931,1363,1929
3657,1349,1925
4217,1926,1349
3995,1941,1363
4336,1931,1300
4257,1347,1935
4275,1935,1361
4229,1985,1372
3799,1922,1940
3911,1940,1348
4097,1362,1960
3977,1372,1976
3948,1928,1362
3809,4106,3762
4095,3762,1352
3761,1923,5641
4568,1366,1964
4256,1343,1938
3711,1936,1343
4302,1367,1967
3755,1979,1230
3507,1979,1368
3830,1875,1309
4265,1305,1970
4102,1305,1875
4780,1293,1864
4084,1864,1309
3773,1257,1781
3862,1781,1244
4121,1244,3781
3640,1239,3784
4197,1531,1077
3742,4030,25
3905,15,4030
3707,62,3877
4071,3877,26
3688,26,473
3769,226,3713
3691,4048,186
3679,226,4048
4008,3713,222
3715,203,4210
3540,4210,183
3955,661,174
3875,772,203
3699,4342,1020
3683,176,3816
4307,3816,1067
3978,28,3813
4021,20,3579
4122,509,20
4561,324,955
3752,846,324
3940,894,251
4264,875,251
4306,879,274
4187,875,274
4662,325,956
4491,256,847
4261,3806,3844
4134,4009,3806
3954,2894,2881
4203,911,2881
3947,896,296
4507,300,915
4290,313,941
4194,941,348
4744,979,300
4059,298,912
4406,3411,2966
4701,912,6252
4093,297,914
3714,2814,298
4258,3221,2814
4523,914,3221
4167,293,918
4712,962,326
3945,297,857
3852,915,297
3993,375,1005
4160,3181,3317
4626,993,352
3897,3516,3590
4801,3209,3220
4285,1013,3516
3935,374,1013
4140,5285,3406
3660,3435,377
4213,3367,3373
4253,3373,3406
4724,1006,996
4201,4590,3751
3902,4083,3774
4671,996,4083
3876,4401,4590
3865,359,4401
4546,4590,4713
4183,1444,1050
4022,410,25
3867,40,435
4315,435,17
3858,2966,292
3951,1005,335
3903,1014,375
3933,949,337
4397,262,888
3950,888,278
3674,337,971
4182,971,349
4223,973,316
4161,856,844
4674,4020,3843
3694,3843,7029
3869,1593,4020
4138,4020,4165
4278,1116,1576
3924,1585,1117
4742,1103,1563
4212,1577,1116
4396,1578,1117
4496,1579,1115
4274,1393,2001
3918,1393,3617
4611,3161,1393
4615,1392,1999
4622,2000,1392
4490,405,26
4513,222,805
4588,918,263
4650,263,862
4344,1049,1465
4382,1918,6695
4259,1918,1378
4619,1988,1378
4092,1980,1368
4220,1842,1298
3926,1400,2012
3906,2016,6656
3927,1102,2015
3949,1401,2016
4681,2015,1398
4171,1111,4143
3986,1993,1384
4711,2009,1111
4689,2008,1382
4691,1124,2009
3972,1384,6647
4508,1385,1994
3849,1994,1387
4548,2012,1403
4279,2014,1404
4075,2013,1397
4249,1404,2019
4193,1403,2018
3786,1794,1240
4035,1691,1202
3644,1693,1207
4091,1686,1171
4103,1171,3585
3805,1027,1426
4190,1044,1451
3823,1613,1156
4118,1638,1143
4399,1533,1026
4157,1889,1325
4037,1888,1325
4065,1387,1996
3744,1996,1383
3603,1386,1997
4763,1882,1327
4293,1882,1324
4207,2021,1405
3968,2010,1328
4690,1027,1420
3898,848,4774
4096,4774,879
4042,4774,3967
4625,956,257
4812,1806,1237
4192,1237,1820
3721,1240,1755
4536,1820,1280
4595,1300,1850
3696,1247,1764
3783,1823,1281
4435,1281,1777
4228,1777,1252
4696,1816,1251
3946,1253,1776
3833,1256,1775
3939,1775,1252
4131,1735,1139
3725,1426,1029
3928,1029,1429
3768,1168,1704
4760,1704,1139
4136,1288,1845
4034,4089,1294
4770,1294,1836
4263,1836,1292
3930,1141,1603
4710,1647,1141
3888,1603,1179
4039,1179,1654
3754,1029,3750
4452,3750,1168
4529,1616,3202
3899,1617,3202
4116,1838,1179
3920,1232,1745
4339,3202,1619
4806,1619,1140
4289,1423,1026
4132,1421,1028
4013,3349,3332
3990,1685,1189
4090,1614,1157
4419,1733,1214
3812,1673,1200
4432,1161,1635
4379,1635,1158
4698,1137,1613
4312,1492,1216
4776,1735,1216
4717,1143,1624
3726,1844,1288
4372,1316,1844
4115,1292,1830
4574,1764,1256
4148,1758,1257
4209,1236,1758
3956,3465,3479
4385,3415,3205
4298,1826,1287
4202,1682,1235
3908,1280,1766
4328,1776,1261
4010,1831,1283
4704,1822,1247
4501,1766,1256
3689,1420,1290
4394,1845,1290
4175,1530,1071
4653,4214,1071
3811,4775,4214
3944,3973,154
3737,3916,3973
4355,155,669
4725,658,155
4445,1125,1589
4500,1128,1574
4443,1591,1128
4250,1588,1113
4314,1589,1124
4365,1995,1377
3778,1382,1995
3787,3785,3829
4647,1119,1587
3854,1587,1123
4551,1590,1127
4159,1115,1590
3690,3319,2824
3895,1895,1322
4282,1403,1895
3974,1322,1900
4367,1900,1318
4119,1399,2011
4303,1896,1323
3652,1890,1327
3703,1991,1376
4591,1380,1991
4323,1387,1990
4139,1898,1320
3798,2017,1399
4107,2018,6667
4630,1381,1987
4652,1381,1909
4424,1913,1333
4542,1402,2017
4659,1897,1327
4799,1323,1890
4654,957,287
4330,4286,4675
4487,4675,290
4492,908,4778
4377,4672,4609
4657,1872,1313
4380,1938,1364
4602,1405,2022
4522,2022,1376
3870,2024,1400
4388,1912,1338
4465,1404,2021
4730,1625,1142
4291,1626,1145
4667,1264,1734
4702,1200,4415
4418,1189,1650
4749,1179,1612
4633,1740,1139
4648,728,198
4023,1411,1021
4605,1021,1412
4556,1023,1415
4636,1023,1413
4316,1022,1411
4155,4705,4757
3845,4757,1033
4423,1024,1434
4580,4438,45
4741,760,1036
4495,683,179
4589,740,1036
4326,703,1036
4782,721,191
4327,721,211
4773,727,211
4679,207,709
4570,1055,4342
4431,3472,1026
4473,4222,3472
4378,1172,4089
4470,1663,1293
4543,1077,1423
4723,1915,1335
4735,1352,1920
4617,1966,1374
4624,1977,1374
4425,1909,1333
4494,1183,1658
4421,1305,1863
4061,1305,1861
4517,1304,1860
4395,1303,1978
4511,1308,1867
4460,1861,1307
4420,1924,1308
4337,1867,1305
4559,1978,1304
4410,1973,1354
4803,1920,1354
4076,1227,1740
4295,1063,1494
4598,1494,1020
4729,1432,1028
4637,1033,1432
4313,1434,1033
4525,1465,1044
4480,1455,1044
4484,1064,1454
4451,1454,1043
4519,1496,1064
4628,1042,1496
4533,1476,1042
4499,4085,3682
4440,1463,1037
4540,1051,1463
4343,1055,1476
4614,1048,3988
4464,1453,1057
4755,1452,1038
4764,1452,1045
4371,1449,1038
4781,1449,1041
4531,1450,1040
4642,3988,1052
4402,1319,1872
4442,1537,1080
4221,1658,1239
4368,1770,1238
4335,1238,1757
3793,1757,1237
4526,1237,1765
4790,1450,1041
4502,1485,1041
3739,946,316
4353,946,4462
3893,268,4117
3763,4117,4462
4664,980,346
4351,1121,4613
4356,4613,5173
4673,1112,4592
4560,4600,4441
4528,1892,1327
4606,1329,1892
4456,441,22
4703,441,52
4649,448,52
4537,448,36
4718,4577,4737
4789,4737,269
4458,4514,323
4623,4398,4324
4629,1325,1883
4740,1885,1325
4557,1549,1325
3766,1545,1097
4510,1096,1545
4147,1097,1546
4352,1097,1549
4736,4441,1096
4322,1880,1315
4485,1329,1893
4621,1883,1316
4524,4532,1316
4721,4600,4532
4345,1881,4600
4475,4571,4753
4535,4753,1108
4578,50,4318
4697,4318,15
4573,381,15
4331,5037,1906
4373,1906,1337
4428,1193,4530
4766,1637,1159
4785,1703,1197
4320,1159,1703
4506,1145,1627
4693,4409,1197
4584,4699,4409
4334,4530,4699
4668,1737,1221
4638,4239,1737
4665,4469,4239
4498,4461,4503
4631,1167,4461
4341,1144,1623
4062,1623,1143
4516,894,282
4576,4562,282
4391,4774,4562
3461,1379,2803
4325,3417,3577
4706,3417,4687
4547,4687,3427
4549,3417,4479
4332,4479,3332
4640,3405,3323
4539,3363,3332
4569,3382,3363
4387,3390,3323
4386,3404,3405
4400,4349,4404
4476,3404,4349
4437,4478,1252
4616,4685,1241
4593,1244,4685
4567,1174,1651
4810,1191,1649
4676,1649,1174
4041,4808,4768
4670,4808,4553
4413,1192,1675
3891,1192,1677
4359,1677,1215
3886,1678,1194
4656,1734,1192
4521,4553,1192
4688,1631,4779
4414,1155,1618
4748,4779,4411
4370,4411,1221
4655,1106,3383
4472,3516,3209
4317,3220,5285
4747,3774,3015
4321,4713,4783
4389,432,4604
4722,4604,4426
3760,4426,37
4555,4455,1129
4350,1129,1594
4586,1594,5196
4663,1565,7030
4700,1104,1565
4416,1774,1236
4436,1255,1774
4430,1810,1245
4645,1245,1802
4603,1802,1246
4393,4677,4727
4793,3781,4079
4429,4582,4758
4346,4758,1244
4534,1795,1235
4348,1235,1763
4369,1763,1262
4714,4715,4708
4796,4708,1235
4601,1793,1238
4759,4408,1239
4594,4545,4408
4579,3784,4294
4731,4527,4405
4447,4405,1256
4381,1767,1263
4358,4794,4446
4459,4446,1253
4635,4836,1772
4800,1772,1253
4366,1773,1252
4612,1251,1773
4427,1771,1251
4360,1253,1771
4489,4798,4786
4643,4727,1245
4362,4786,3256
4376,3256,3430
4815,1981,1375
4641,1981,1352
4666,812,241
4486,778,218
4827,218,779
4620,779,216
4544,216,780
4520,245,822
4752,4449,4695
4384,4695,220
4686,830,245
4596,822,4449
4618,253,855
4463,4433,4669
4329,1017,378
4488,4669,4754
4566,1865,4750
4756,4750,4587
3827,4587,1295
4457,4783,4726
4538,4726,4403
4746,1708,1180
4454,1656,4734
4333,1657,1186
4834,4734,4361
4518,1186,1669
4474,4361,1180
4287,3384,4627
4363,3605,4627
4743,4627,4728
4558,4728,3015
4565,1394,2007
4450,2007,1386
4482,1998,1386
4682,1997,4684
4468,4684,4843
4434,2984,4684
4716,4843,1381
4575,4818,287
4720,4552,4818
4585,4609,4552
4632,4439,4661
4563,4661,287
4554,4823,1093
4733,855,1070
4817,1070,1502
4811,1526,1070
4769,4754,1070
4802,4471,4669
4829,1090,4471
4422,1495,1028
4448,1026,1417
4719,4541,4505
4795,4505,1227
4512,1683,4808
4820,1683,1198
4644,1650,1175
4772,1681,1198
4477,1681,1175
4814,1676,4200
4767,1675,1193
4564,4761,4825
4771,4819,4761
4821,1291,4819
4813,4467,1460
4830,4826,4467
3771,1722,1139
4833,1059,1489
4822,1489,1066
4646,1951,1921
4599,4158,1250
4828,4415,4777
4824,4768,1229
4832,3368,3382
4816,3205,3213
4831,1975,1359
4788,4825,4836
4610,1778,4836
4902,4835,4836
4904,4850,4841
4907,4841,4840
4905,4848,4855
4903,4887,4850
4906,4858,4837
4915,4842,4849
4917,11803,4860
4919,4855,4842
4934,4870,4877
4908,11878,11861
4927,4872,4859
4940,4885,4868
4911,4888,4882
4941,11861,4860
4935,4862,4889
4925,4856,4852
4943,4869,4878
4913,4876,4862
4918,4881,4847
4912,4866,4878
4920,4847,4857
4916,4883,4881
4936,4878,4875
4938,4882,4880
4909,4852,4866
4937,4837,4877
4922,4886,4872
4914,5058,4848
4933,4836,4844
4923,4853,4836
4924,4854,4836
4939,4868,4853
4921,4877,4864
4929,4861,4882
4928,4864,4852
4926,4863,4873
4910,4875,4873
4930,4859,3256
4942,4880,4868
4931,4873,4861
4932,4840,4858
5020,4894,4896
4973,4896,13189
5035,5125,1540
5055,1956,6599
5062,4872,5009
5107,5009,4874
4992,5014,4886
4965,5158,5014
5150,4877,5158
4515,1389,2000
4164,1389,2004
4026,2001,1389
3537,5115,1583
5003,3256,4996
5108,4996,5058
4957,4849,4984
5027,4979,4858
5001,5050,5014
5071,5093,3279
4968,1269,5093
5026,5114,5075
5089,5075,1247
4975,4947,4887
5123,925,214
4971,366,4433
5066,13189,4945
5118,1197,4989
5033,4989,5121
5048,5054,5008
5133,5008,5121
5099,5052,1300
5070,1297,5052
2823,1846,1230
2610,1855,1230
2255,1854,1230
2456,1860,1230
2395,1857,1230
2558,1962,1230
3677,1986,1230
3283,1929,1230
3455,1965,1230
3420,1964,1230
4105,1969,1230
3231,1967,1230
5039,4999,1295
5056,5146,78
5040,5016,48
5140,5023,1106
4974,5144,1093
5104,5131,124
4961,5015,1036
4966,5000,1066
5119,5011,76
4952,5141,46
4969,5063,96
5053,4948,97
5022,5078,272
4950,5132,1074
5127,5041,1071
5087,5076,1077
4976,4977,95
5046,5120,51
5006,5043,1154
5081,5012,7
5138,5149,41
5085,4962,105
5139,5111,82
4967,5124,83
5145,5018,224
4980,5079,175
5034,4963,1058
4994,5090,1026
5088,4972,1029
5030,4988,1181
5068,4953,1235
5143,4990,1244
5106,5031,132
5163,5024,153
5060,5077,1024
4944,4964,98
5013,5103,1140
5065,5095,1147
4970,5128,378
5042,5129,5122
4959,4946,5129
5032,5073,4946
5091,4983,4986
5049,5021,4981
5036,5028,5021
5038,5129,5010
5064,5010,4949
5105,4949,4985
5061,4985,4983
4958,4983,5135
5017,5135,5021
5097,5021,5102
5080,4956,5028
5025,5161,5045
5086,5067,6549
4955,1133,5067
5151,5130,5173
4982,5019,5130
5069,5074,5019
5083,5115,5074
5157,5134,5007
4991,5044,5134
5072,5051,5044
4987,5102,5175
4998,5166,5005
5113,5005,5021
4954,5029,5166
5117,5109,5029
5155,4949,5137
5110,5137,5109
5096,5109,5004
4978,5100,5136
5098,5136,5073
5082,5073,5164
5092,5152,5153
5168,5153,5073
5159,5161,5160
5148,5160,5152
5162,5165,5161
5169,5183,5165
5154,5112,5161
5156,5116,5112
5167,5173,5177
5174,5177,1133
5172,5175,5186
5176,5186,358
5180,4981,5179
5178,4986,5179
5184,5004,5179
5181,5182,5175
5187,5179,5182
5188,5185,5192
5190,5192,1103
5191,5045,5185
5198,5122,5193
5195,5210,4455
5189,5194,5196
5197,5218,5194
5199,5196,5235
5208,5235,4020
5251,5185,5214
5209,5214,5210
5216,5185,5234
5245,5234,5218
5207,5193,5225
5205,5225,5210
5228,5193,5213
5204,5213,5218
5206,5218,5220
5203,5220,4983
5202,5200,5217
5254,5217,5134
5244,5221,2998
5219,5215,5221
5222,5246,5215
5232,5224,5246
5211,5269,5224
5212,5249,5269
5256,5134,5265
5201,5265,5249
5229,5019,5226
5255,5226,5249
5261,5237,5242
5239,5242,5325
5230,5227,5240
5248,5250,5227
5247,5233,5250
5264,5227,5236
5257,5236,5237
5259,5268,5258
5253,5258,3516
5243,5270,5260
5241,5260,5268
5276,5238,5262
5277,5262,5270
5274,5267,5263
5283,5266,5267
5278,5280,5266
5279,5267,5281
5284,5281,5238
5292,5288,5289
5294,5290,5288
5293,5286,5290
5295,5288,5291
5314,5270,5299
5300,5299,5296
5304,5296,5311
5305,5311,5288
5298,5291,5320
5301,5320,5306
5309,5306,5315
5297,5315,5322
5313,5322,5215
5308,5317,5318
5316,5318,5302
5319,5302,6212
5326,5320,5317
5328,5340,5357
5341,5357,5371
5330,5371,5359
5361,5359,5200
5331,5340,5376
5327,5376,5200
5354,5356,6249
5324,5347,5356
5337,5335,5200
5365,5325,5335
5345,5372,5336
5323,5336,5340
5343,2369,4403
5329,4403,4680
5332,5339,5369
5333,5369,6437
5334,5351,5364
5358,6438,5351
5338,5363,6441
5352,6437,5363
5378,5374,5349
5348,5373,5377
5342,5377,5362
5344,5373,5379
5375,5349,5373
5353,5362,5381
5355,5381,5368
5392,5383,5396
5390,5382,5384
5394,5384,5388
5387,5382,5385
5393,5396,5382
5386,5388,5391
5395,5391,6447
5397,5399,6589
5401,5368,5399
5406,5404,5415
5408,5405,5404
5409,5367,5402
5413,5410,5437
5411,5415,5410
5414,5437,5418
5417,5416,5415
5419,5403,5416
5412,5421,5346
5420,5415,5421
5425,5442,5430
5433,5430,5428
5432,5428,5423
5431,5423,1360
5436,5438,6322
5407,5435,5438
5424,5427,5435
5426,5440,5427
5434,5418,5440
5445,5439,5456
5459,5441,5934
5468,5448,5441
5447,5475,5456
5460,5435,5475
5469,5486,5491
5450,5470,5599
5452,5451,5491
5477,5346,5451
5449,5444,5456
5463,5491,5444
5443,5479,5470
5489,5457,5453
5454,5446,3147
5466,5458,5446
5481,5495,3147
5461,5641,5455
5480,5455,6542
5465,5499,5490
5471,5500,5499
5462,5474,5490
5467,5507,5472
5483,5502,5503
5517,5484,5502
5525,5504,5472
5515,5476,5504
5524,5487,5633
5501,5534,5487
5485,5514,5497
5482,6003,5514
5520,5493,6003
5492,5442,5493
5528,5533,5534
5532,5497,5533
5510,5508,5534
5478,5516,5508
5509,5511,5519
5518,5498,5519
5526,5587,5498
5513,5536,5497
5512,5453,5536
5552,5537,5531
5546,5522,5543
5564,5543,5540
5539,5522,5548
5538,5531,5522
5579,5545,5527
5551,5550,5555
5541,5542,5557
5547,5557,5549
5562,5542,5559
5576,5555,5542
5571,5549,5544
5553,5544,5527
5568,5578,5569
5560,5542,5578
5577,5569,5583
5570,5583,5521
5563,5574,5522
5567,5575,5574
5561,5584,5558
5566,5581,5591
5572,5558,5581
5582,5586,5585
5592,5591,5586
5589,5612,5585
5621,5590,5580
5598,5603,5464
5588,5519,5595
5594,5595,5516
5602,5596,5587
5593,5619,5970
5600,5599,5605
5615,5605,5440
5630,5464,5473
5604,5587,5603
5611,5585,5596
5625,5558,5590
5624,5527,5584
5617,5540,5545
5620,5473,5954
5627,5954,5623
5614,5623,5453
5631,5613,5626
5632,5626,5616
5609,5511,5616
5608,5633,5635
5618,5635,5641
5629,5616,5637
5634,5637,5636
5639,5636,5638
5640,5638,5633
5647,5643,5476
5645,5641,5643
5652,5646,5644
5650,5644,5656
5648,5656,5651
5661,5658,5657
5654,5660,5658
5664,5659,5660
5662,5649,5659
5666,5651,5653
5672,5674,5575
5668,5669,5674
5670,5665,5669
5663,5667,5665
5676,5671,5646
5677,5675,5671
5678,5679,10333
5680,5653,5679
5740,5685,5669
5716,5653,5685
5758,5754,5673
5727,5669,5754
5738,5673,5693
5690,5693,5721
5686,5721,5745
5696,5745,5736
5689,5736,5726
5695,5726,5683
5742,5683,5700
5682,5700,5724
5756,5729,5772
5787,5703,5729
5698,5707,5712
5755,5718,5707
5743,5772,5718
5789,5725,5887
5706,5681,5725
5746,5681,5773
5691,5687,5681
5705,5702,5687
5723,5684,5694
5692,5694,5699
5731,5704,5722
5753,5722,6538
5714,5752,5886
5775,5704,5752
5762,5770,5704
5767,5887,5770
5732,5709,5683
5785,5886,5709
5715,5774,5646
5780,5728,5774
5763,5720,5728
5697,5841,5720
5710,5783,5777
5711,5778,5783
5730,5768,5792
5719,5792,5766
5735,5750,5786
5790,5766,5750
5713,5765,5793
5708,5793,5788
5771,5786,5782
5794,5782,5765
5739,5764,5747
5776,5786,5764
5744,5741,5747
5717,5749,5741
5779,5798,5799
5748,5799,5761
5734,5761,5796
5733,5796,5777
5760,5747,5791
5751,5791,5781
5795,5781,5759
5757,5759,5788
5800,5784,5778
5737,5797,5784
5801,5808,5797
5802,5807,5808
5859,5833,5807
5843,5828,5833
5851,5807,5867
5855,5867,5812
5827,5812,5819
5831,5819,5817
5804,5818,5841
5813,5814,5818
5847,5820,5823
5806,5841,5820
5835,5854,5841
5844,5817,5854
5809,5805,6923
5846,5777,5805
5810,5712,3276
5834,5815,5864
5803,5864,5937
5825,5811,5707
5836,5937,5811
5839,5824,5852
5837,5852,5703
5829,5853,5824
5832,5701,5853
5848,5857,5871
5816,5701,5857
5822,5856,5821
5858,5821,5703
5826,5842,5856
5840,5926,5842
5830,5850,5926
5849,5724,5850
5868,5838,5724
5863,5915,5838
5869,5845,5875
5874,5788,5845
5865,5871,5872
5861,5872,5856
5860,5503,5507
5897,5900,5701
5877,5881,5900
5873,5870,5866
5916,5866,5881
5879,5925,5881
5896,5875,5925
5878,5891,5870
5907,5947,5891
5899,5931,5947
5903,5901,5931
5940,5777,5928
5943,5928,5901
5895,5927,5915
5884,5936,5893
5883,5957,5915
5911,5918,5892
5935,5894,5936
5938,5894,5932
5924,5902,5918
5914,5902,5920
5933,5950,5927
5906,5893,5950
5919,5892,5930
5921,5930,5957
5912,5909,5947
5941,5932,5909
5910,5889,5901
5929,5920,5889
5908,5942,5778
5945,5823,5942
6004,5490,5495
5989,5747,5993
5923,5777,5965
5991,5653,5984
5955,5646,5995
5967,5580,5612
5959,5456,5457
5983,5934,5439
5958,5970,5486
5979,5599,5619
5986,6483,6940
5973,5472,5474
6012,1374,1984
5998,5952,5926
5963,6008,5952
5996,5997,5956
5982,5956,5701
5962,5971,5777
6010,5964,5971
4002,2178,3868
5976,5988,5960
6015,5975,6016
6000,5966,5977
6006,5994,5966
5974,6017,5994
5978,5966,5981
5992,6009,5968
6001,5968,5966
6011,6018,12030
6013,6024,6018
6021,6019,6009
6022,6020,6019
6025,6024,6023
6026,6023,6020
6027,6030,6020
6002,5977,5975
6045,6040,6116
6051,6034,6039
6031,6039,6035
6029,6030,6035
6048,6062,6036
6047,6062,6037
6065,6037,6052
6057,6044,6036
6063,6044,6059
6049,6046,6069
6054,6068,6046
6060,6068,6059
6056,6055,6046
6073,6075,6072
6071,6072,6070
6061,6016,5988
6077,6080,2178
6074,5960,6080
6067,5981,12031
6082,12031,6079
6078,6079,6080
6085,12030,6100
6087,6100,6009
6094,6095,12028
6086,6034,6095
6089,6032,12028
6076,6097,6034
6090,6097,6070
6084,6091,6070
6092,12029,6091
6108,6107,12029
6081,6059,6107
6099,6032,6096
6098,6052,6096
6088,6040,6096
6083,6104,6037
6102,6104,6106
6105,6093,6103
6101,6103,6106
6113,6114,6120
6112,6120,6093
6111,6116,6118
6115,6118,6024
6117,6093,6121
6124,6119,12027
6125,6121,12027
6126,6119,6116
6130,6127,6129
6131,6129,6093
6133,6134,6135
6138,6135,6127
6132,6136,6128
6137,6128,6134
6139,6140,6136
6141,6140,6142
6145,6143,6144
6146,6144,6136
6147,6148,6143
6149,6150,6151
6153,6151,6157
6173,6148,6155
6154,6184,6134
6152,6159,6211
6187,6181,12026
6164,6181,6127
6175,6267,12026
6195,6247,6244
6177,6244,6191
6169,6247,6267
6255,6159,6247
6204,6191,6184
6292,6268,6288
6271,6288,6247
6277,6307,6411
6312,6275,6329
6303,6329,6279
6284,6307,6329
6339,6411,6352
6343,6352,6268
6196,6232,6309
6253,6309,6329
6311,6293,6269
6333,6269,6301
6425,6278,6341
6347,6341,6201
6218,6201,6282
6270,6282,6411
6166,6295,12024
6208,6269,6295
6390,6237,12024
6229,6237,6232
6304,6285,6238
6198,6238,10645
6180,6241,6222
6156,6289,6241
6213,6365,12025
6199,6300,6365
6250,6344,12025
6375,6344,6268
6165,6150,6224
6431,6248,6359
6243,6219,6248
6223,6240,6336
6188,6242,6240
6210,6336,6207
6325,6221,6372
6215,6321,6327
6189,6246,6327
6193,6327,6200
6226,6321,6221
6361,6221,6178
6260,6178,6236
6378,6236,6369
6174,6192,6385
6355,6385,6336
6342,6192,6371
6291,6371,6242
6374,6427,6235
6349,6235,6256
6190,6272,6168
6334,6427,6313
6227,4791,4398
6410,4324,4514
6340,6310,6230
6214,6230,3247
6380,6286,309
6206,6310,6286
6209,6319,6176
6290,6176,6409
6183,857,6319
6381,6409,6283
6345,6283,6252
6231,6319,6389
6281,942,6338
6364,6389,6338
6261,6252,6257
6265,6257,3411
6302,6252,6296
6308,6297,292
6320,6296,6315
6324,6315,6297
6314,293,6331
6354,6348,324
6326,6331,6353
6350,6353,6348
6387,6383,6192
6161,6207,6158
6160,6369,6158
6395,6372,6158
6391,6158,6413
6412,6413,6359
6163,6359,6170
6172,6170,6185
6386,6185,3476
6171,6179,6185
6162,6182,6179
6186,6272,6202
6194,6202,6383
6217,6212,6216
6220,6216,5372
6234,6262,6228
6245,6228,5215
6254,6262,6251
6266,6251,6212
6299,6306,6262
6264,6249,6306
6317,1990,1380
6328,6322,6318
6330,6318,5442
6393,6382,6452
6394,6360,6356
6397,6335,6377
6396,6360,6363
6399,6382,6335
6398,6368,6337
6408,6366,6392
6400,6351,6337
6401,6337,6366
6402,6335,6351
6403,6363,6368
6404,6388,6392
6405,6370,6335
6406,6357,6363
6407,6370,6373
6414,6357,6358
6415,6384,6388
6418,6322,6417
6419,6417,6335
6422,6421,1374
6423,6534,6421
6424,6416,5704
6426,6420,6416
6430,6428,5558
6432,6429,6428
6435,6433,5587
6436,6434,6433
6440,6437,6439
6443,6441,6442
6444,6442,5367
6449,6448,6935
6450,5382,6448
6454,6453,1360
6455,6452,6453
6460,6457,6458
6461,6458,6467
6462,6467,6459
6464,6456,6463
6465,6463,1352
6476,6468,6469
6477,6469,6473
6478,6473,6471
6479,6475,6482
6487,6472,6474
6489,6474,6475
6491,6470,6472
6498,6493,6474
6500,6495,6493
6481,5402,6482
6484,6482,6483
6485,6451,5368
6486,6447,6451
6497,6496,6456
6502,6499,5653
6503,6501,6499
6504,2023,1397
6505,2020,1385
6506,2023,1384
6507,1397,2020
6510,6508,6509
6511,6509,5915
6514,6512,6513
6515,6513,5936
6518,6516,6517
6519,6517,5918
6522,6520,1389
6523,6521,6520
6530,6529,6527
6531,6529,5703
6532,6526,5772
6533,6527,6526
6536,6535,1374
6537,5699,6535
6540,6539,6534
6541,6538,6539
6544,6543,5500
6545,6542,6543
6547,6546,6954
6548,6542,6546
6551,6549,6550
6552,6550,5116
6554,6549,6553
6558,6555,5325
6559,6556,6555
6562,6560,6556
6563,6561,6560
6569,6564,5288
6570,6565,6564
6571,6567,6565
6572,6568,6567
6575,6574,6573
6578,6577,6576
6581,6580,6740
6582,6576,6580
6583,6579,6573
6584,6579,6576
6585,1927,1344
6586,1960,1350
6587,6459,6456
6591,6589,6590
6592,6590,5403
6595,6593,6589
6596,6594,6593
6604,6598,6573
6605,6599,6598
6606,6600,6599
6607,6601,6600
6608,6602,6601
6609,6603,6602
6629,6610,6573
6630,6611,6610
6631,6612,6611
6632,6613,6611
6633,6614,6613
6634,6615,6614
6635,6616,6614
6636,6617,6616
6637,6618,6617
6638,6619,6617
6639,6621,6618
6640,6620,6621
6641,6621,6622
6642,6622,7002
6643,6624,6621
6644,6625,6624
6645,6627,6625
6646,6628,6627
6650,6647,6648
6651,6648,6649
6652,6649,1385
6658,6656,6657
6659,6657,1400
6665,6667,6664
6666,6664,1402
6670,6669,1335
6671,6667,6669
6672,1907,1335
6678,6676,6677
6679,6677,6689
6682,6680,1320
6683,6676,6680
6684,6685,1335
6686,1337,6685
6690,6688,5037
6691,6689,6688
6693,1378,6692
6694,6692,1373
6697,6696,6695
6698,6689,6696
6700,6699,1341
6701,6695,6699
6703,4597,4784
6704,1893,4597
6705,1894,1329
6706,4784,1321
6707,1321,1881
6721,6720,1111
6722,2824,6720
6732,6728,5114
6733,6730,6728
6737,6734,6862
6738,6736,6735
6739,6860,6736
6742,6741,6740
6743,6748,6741
6745,6744,5114
6746,6744,6740
6747,7040,6748
6757,6749,6748
6758,6750,6749
6759,6751,6750
6760,6752,6751
6761,6753,6752
6762,6754,6752
6763,6755,6754
6770,6764,6755
6771,6765,6764
6772,6766,6765
6773,6767,6766
6774,6790,6768
6775,6768,6765
6776,6769,6767
6777,6790,6769
6784,6778,6765
6785,6779,6778
6786,6780,6779
6787,6781,6780
6788,6782,6781
6789,6783,6782
6801,6790,6791
6802,6792,6790
6803,6793,6792
6804,6794,6790
6805,6795,6794
6806,6797,6795
6807,6797,6798
6808,6795,6800
6815,6810,6809
6816,6810,6812
6817,6812,6813
6818,6813,6814
6819,6814,6820
6821,6820,3404
6839,6795,6822
6840,6822,6826
6841,6824,6825
6842,6829,6826
6843,6830,6829
6844,6832,6834
6845,6834,6836
6846,6836,6837
6847,6838,6837
6868,6837,6848
6869,6848,6849
6870,6849,6850
6871,6850,6851
6872,6851,6852
6873,6852,6853
6874,6853,6854
6875,6854,6855
6876,6855,6856
6877,6856,6857
6878,6857,6859
6879,6859,6860
6880,6860,6861
6881,6861,6862
6882,6862,6864
6883,6864,6730
6884,6867,5114
6902,6885,6795
6903,6886,6885
6904,6887,6886
6905,6888,6887
6906,6889,6886
6907,6890,6889
6908,6893,6890
6909,6916,6893
6910,6894,6892
6911,6894,6895
6912,10385,6895
6913,10370,6897
6914,6898,6901
6915,6901,6916
6917,6826,6832
6918,6826,6828
6921,6919,5772
6922,6920,6919
6925,6923,6924
6926,6924,5736
6930,6928,6625
6931,6929,6928
6933,6932,6999
6934,6392,6932
6937,6936,6447
6938,6935,6936
6941,6939,5403
6942,6940,6939
6945,6943,5599
6946,6944,6943
6949,6947,6944
6950,6948,6947
6956,6955,6954
6957,6452,6955
6959,6958,6849
6961,6960,6851
6963,6863,6862
6964,6866,6730
6965,6731,5114
6967,6966,10365
6968,6966,6898
6969,6897,6898
6972,6970,2824
6973,6971,6970
6976,6735,6734
6977,6962,6855
6979,6978,6735
6980,1824,6849
6981,6849,6978
6983,6982,6735
6984,6853,6982
6987,6986,6855
6991,6855,6996
6992,6855,6994
6993,6855,1823
6995,6994,1291
7000,6998,6929
7001,6999,6998
7005,7002,7004
7006,7004,6623
7008,1286,7007
7009,7007,6576
7011,7010,5114
7012,1358,7010
7014,7013,11616
7015,1127,7013
7018,1113,7017
7019,7017,11617
7022,7020,6940
7023,7021,7020
7025,1141,4805
7026,4805,4156
7027,4390,1167
7028,4156,4390
7032,5193,7031
7033,7031,5196
7036,7035,7034
7037,1104,7035
7039,7038,1256
7043,7041,6576
7044,7042,6576
7045,913,300
7048,7046,7047
7049,7047,1381
7052,7050,7051
7053,7051,1100
7056,7054,7055
7057,7055,227
7060,6452,7059
7061,7059,7058
7063,7062,6954
7064,5428,7062
7066,7065,7058
7067,5428,7065
7071,7070,7068
7072,6542,7070
7074,7073,7069
7075,6542,7073
7078,7077,7076
7079,6542,7077
7082,7081,7080
7083,6542,7081
7086,1921,7085
7087,7085,7084
7090,1921,7088
7091,7088,7089
7093,1921,7092
7094,7092,7068
7096,1921,7095
7097,7095,7076
7105,7098,7099
7106,7099,7100
7107,7100,7101
7108,7101,7102
7109,7102,7103
7110,7103,7104
7115,7111,7112
7116,7112,7113
7117,7426,7114
7127,7118,7119
7128,7119,7120
7129,7120,7121
7130,7121,7122
7131,7122,7123
7132,7123,7124
7133,7124,7125
7134,7125,7126
7145,7135,7136
7146,7136,7137
7147,7137,7138
7148,7138,7139
7149,7139,7140
7150,7140,7141
7151,7142,7143
7152,7143,7144
7155,7153,7154
7159,7156,7157
7160,7157,7158
7163,7161,7162
7174,7164,7165
7175,7165,7166
7176,7166,7167
7177,7167,7168
7178,7168,7170
7179,7168,7171
7180,7171,7172
7181,7173,7172
7185,7182,7183
7186,7183,7184
7200,7192,7193
7201,7193,7194
7202,7194,7195
7203,7195,7196
7204,7196,7197
7205,7197,7198
7206,7198,7199
7215,7207,7208
7216,7208,7209
7217,7209,7210
7218,7210,7211
7219,7212,7211
7220,7212,7213
7221,7213,7214
7226,7223,7222
7227,7223,7224
7228,7224,7225
7244,7229,7230
7245,7230,7231
7246,7231,7233
7247,7231,7234
7248,7234,7235
7249,7236,7235
7250,7237,7236
7251,7235,7239
7252,7240,7241
7253,7242,7241
7254,7243,7242
7260,7255,7256
7261,7256,7257
7262,7257,7258
7263,7258,7259
7274,7272,7273
7279,7275,7276
7280,7276,7277
7281,7277,7278
7298,7296,7297
7305,7301,7302
7306,7302,7303
7307,7303,7304
7311,7308,7309
7312,7309,7310
7320,7313,7314
7321,7314,7315
7322,7315,7317
7323,7315,7318
7345,7340,7341
7346,7341,7342
7347,7342,7343
7348,7343,7344
7367,7349,7351
7368,7352,7351
7369,7351,7353
7370,7353,7354
7371,7355,7354
7372,7354,7356
7373,7356,7357
7374,7358,7357
7375,7357,7359
7376,7359,7360
7377,7360,7361
7378,7361,7363
7379,7362,7363
7380,7363,7364
7381,7365,7366
7390,7383,7382
7391,7383,7384
7392,7385,7384
7393,7386,7387
7394,7388,7387
7395,7388,7389
7398,7396,7397
7404,13284,7399
7405,7399,7401
7406,7401,7400
7407,7400,7402
7408,7402,7403
7423,7419,7420
7424,7420,7421
7425,7421,7422
7431,7428,7429
7432,7429,7430
7435,7433,7434
7441,7438,7439
7442,7439,7440
7450,7446,7445
7451,7446,7447
7452,7448,7447
7453,7448,7449
7463,7454,7455
7464,7456,7455
7465,7458,7455
7466,7458,7459
7467,7460,7459
7468,7461,7462
7469,7459,7461
7483,7473,7472
7484,7472,7474
7485,7474,7476
7486,7475,7476
7487,7476,7477
7488,7477,7478
7489,7479,7478
7490,7478,7480
7491,7480,7481
7497,7492,7493
7498,7493,7494
7499,7494,7495
7500,7495,7496
7507,7503,7504
7508,7504,7505
7509,7505,7506
7513,7510,7511
7514,7511,7512
7537,7529,7528
7538,7529,7530
7539,7531,7532
7540,7532,7534
7541,7534,7535
7542,7535,7536
7553,7546,7547
7554,7548,7547
7555,7547,7549
7556,7549,7551
7557,7552,7551
7561,7559,7560
7563,7239,7222
7564,7240,7222
7565,7224,7270
7566,7264,7267
7567,7267,7224
7570,7265,7268
7571,7268,7207
7572,7207,7225
7573,7266,7269
7574,7269,7209
7575,7209,7271
7576,7211,7438
7577,7318,7301
7578,7325,7301
7579,7324,7325
7581,7308,7303
7583,7310,7192
7584,7214,7192
7585,7304,7275
7586,7440,7196
7587,7436,7437
7588,7437,7196
7589,7196,7296
7590,7199,7126
7592,7144,7124
7595,7593,7594
7596,7594,7143
7597,7154,7141
7598,7141,7142
7604,7187,7188
7605,7188,10672
7606,7164,7182
7607,7184,7161
7608,7189,7191
7609,7191,7168
7610,7173,7161
7611,7162,7135
7612,7156,7153
7613,7434,7135
7616,7614,7615
7617,7615,7153
7620,7158,7137
7621,7137,7419
7624,7422,7427
7625,7427,7426
7628,7422,7428
7630,7120,7413
7631,7413,7111
7632,7114,7411
7633,7113,7415
7634,7415,13284
7635,13290,7417
7636,7409,7410
7637,7410,13284
7638,7403,13288
7639,7330,4871
7640,7104,7330
7641,7332,7333
7642,7333,7104
7643,7273,7102
7645,4871,7644
7646,7417,7418
7647,7331,7334
7648,4871,7331
7650,4847,7649
7651,4857,7339
7655,7653,7654
7656,7654,7340
7658,7340,7349
7660,7340,7659
7661,7659,7528
7663,7530,7531
7665,7536,7366
7666,7364,7366
7668,7535,7667
7669,7366,7396
7671,7670,7397
7673,7389,7672
7674,7397,7546
7677,7397,7675
7678,7675,7676
7681,7676,7680
7682,7680,7558
7684,7683,4887
7685,7551,7562
7686,7562,7559
7688,7687,7559
7689,7560,11525
7693,7384,7543
7698,7695,7696
7699,7696,7697
7700,7385,7695
7701,7695,7386
7704,7697,7702
7708,7703,7705
7709,7705,7706
7710,7706,7707
7711,7707,4858
7713,7545,7544
7714,7545,7389
7716,7527,4858
7717,7389,7527
7721,7342,7720
7724,7722,7723
7725,7723,7344
7727,7344,7503
7728,7504,7510
7729,7512,7506
7730,7516,7506
7731,7515,7506
7732,7520,4878
7733,7506,7517
7734,7517,7518
7735,7518,7519
7736,7519,4878
7740,7737,7738
7741,7738,7739
7742,7739,4873
7743,7496,4882
7745,7744,7495
7746,7481,7492
7747,7454,7449
7750,7449,7748
7751,7748,7749
7756,7753,7752
7757,7754,7753
7758,7755,7754
7759,7447,7755
7760,4889,7444
7761,7444,7445
7763,7762,7737
7766,7765,7493
7769,7767,7768
7770,7768,7765
7773,7771,7767
7774,7772,7771
4807,1282,1778
4504,1824,1282
7778,11525,7775
7779,7775,7776
7780,7702,7703
7781,7543,7544
7783,7695,7782
7784,4844,6997
7786,7785,6997
7787,7785,7762
7788,6996,6997
7790,4889,7789
7795,7792,7793
7796,7793,7462
7799,7462,7797
7800,7797,7798
7801,7462,7471
7802,7471,7472
7803,7772,7462
7807,7806,4882
7809,7798,7764
7810,7764,7762
7811,7344,7813
7812,7813,7771
7817,7344,7819
7818,7819,7798
7822,7821,4841
7823,7340,7691
7824,7691,7382
7825,7672,7397
7829,7339,7828
7830,7828,7340
7832,7334,7831
7833,7831,4847
7836,7834,7835
7837,7835,4884
7854,7838,7839
7855,7839,7840
7856,7840,7841
7857,7841,7842
7858,7842,7843
7859,7843,7844
7860,7844,7845
7861,7845,7846
7862,7846,7847
7863,7847,7848
7864,7848,7849
7865,7849,7834
7866,7850,7838
7867,7851,7840
7868,7852,7844
7869,7853,7846
7884,7870,7871
7885,7871,7872
7886,7873,7872
7887,7872,7874
7888,7874,7876
7889,7875,7876
7890,7876,7877
7891,7877,7878
7892,7879,7878
7893,7878,7880
7894,7880,7881
7895,7882,7881
7896,7881,7883
7897,7883,13240
7905,7898,7901
7906,7898,7903
7907,7903,7870
7911,7909,7910
7912,7910,7898
7915,7913,7914
7916,7914,7898
7921,7917,7918
7922,7918,7919
7923,7919,7920
7924,7920,7909
7931,7926,7925
7932,7926,7927
7933,7927,7928
7934,7928,7929
7935,7929,7930
7936,7930,7909
7943,7938,7937
7944,7938,7939
7945,7939,7940
7946,7940,7941
7947,7941,7942
7948,7942,7929
7955,7951,7952
7956,7952,7953
7957,7953,7954
7958,7954,7941
7966,7961,7960
7967,7961,7962
7968,7963,7962
7969,7963,7964
7970,7965,7964
7971,7965,7951
7976,7973,7972
7977,7973,7974
7978,7974,7975
7979,7975,7964
7986,7981,7980
7987,7981,7982
7988,7982,7983
7989,7983,7984
7990,7984,7985
7991,7985,7951
7997,7995,7996
7998,7996,7984
8003,7999,8000
8004,8000,8001
8005,8001,8002
8006,8002,7995
8011,8007,7999
8012,8008,8007
8013,8009,8008
8014,8010,8009
8022,8015,8016
8023,8016,8017
8024,8018,8019
8025,8019,8020
8026,8020,8021
8027,8021,8010
8035,8028,8029
8036,8029,8030
8037,8031,8032
8038,8032,8033
8039,8033,8034
8040,8034,8010
8042,8030,8041
8046,8030,8043
8047,8043,8044
8048,8044,8045
8049,8045,8017
8054,8017,8053
8057,8056,8055
8058,8056,8008
8063,8008,8059
8064,8059,8060
8065,8060,8061
8066,8061,8062
8070,8017,8069
8071,8069,8001
8077,8062,8074
8078,8074,8075
8079,8075,8076
8080,8076,7995
8087,8062,8083
8088,8083,8084
8089,8085,8092
8090,8084,8086
8091,8086,8085
8093,8092,7919
8101,8098,8097
8102,8099,8098
8103,8100,8099
8104,7919,8100
8116,8108,8109
8117,8109,8110
8118,8110,8111
8119,8111,8112
8120,8112,8113
8121,8113,8114
8122,8114,8115
8123,8115,8062
8126,8110,8125
8130,8110,8127
8131,8127,8128
8132,8128,8129
8133,8129,8084
8135,8128,8134
8136,8134,8062
8139,8137,8138
8140,8138,8062
8141,11877,11865
8142,11865,11721
8143,11815,11722
8144,11722,11720
8145,11866,11877
8146,11813,11866
8147,11867,11813
8148,11876,11867
8149,11881,11876
8150,11882,11874
8151,11874,11868
8152,11868,11876
8154,11869,11874
8155,4860,11870
8157,11877,11660
8158,11660,8159
8160,8159,11687
8161,11687,11717
8162,11884,4860
8163,11663,11878
8164,11664,11878
8166,11656,8165
8167,8165,11663
8169,11657,8168
8170,8168,11664
8172,11804,4860
8173,8321,11659
8174,11659,4860
8178,11873,11871
8179,11871,8177
8180,8177,11863
8181,11887,8177
8182,11863,11816
8183,11816,11862
8184,11862,11875
8185,11875,11864
8186,11864,11878
8188,8187,11879
8189,11879,11875
8193,8190,8191
8194,8191,8192
8195,8192,11688
8196,11688,8187
8197,11886,11878
8201,11873,11654
8202,11654,8199
8203,8199,11665
8204,11665,11878
8206,11872,11873
8207,11817,11872
8208,11839,11817
8209,11889,11840
8210,11888,11873
8211,11806,11842
8212,11805,11842
8213,11842,11657
8224,8214,8215
8225,8215,8216
8226,8216,11860
8227,11860,11829
8228,11635,11832
8229,11832,11827
8247,4860,11651
8248,11651,8159
8249,11653,8159
8250,11647,10694
8256,4884,8251
8257,8251,8252
8258,8253,8252
8259,8253,8254
8260,8254,8255
8261,8255,7558
8266,7844,8262
8267,8262,8263
8268,8263,8265
8269,8265,7834
8273,7844,8270
8274,8270,8271
8275,8271,8272
8276,8272,7834
8230,11827,11833
8231,11833,11818
8232,11818,11834
8233,11834,11836
8234,11890,11836
8235,11836,11835
8236,11835,11842
8237,11827,11656
8241,11836,11655
8242,11655,10632
8243,10632,11646
8244,11646,8239
8245,8239,11666
8282,8280,7842
8283,8281,7842
8288,8284,8285
8289,8285,8286
8290,8286,8287
8291,8287,7842
8293,8321,8292
8294,8292,7840
8296,8295,4884
8300,8297,8298
8301,8298,7870
8313,7870,8302
8314,8302,8303
8315,8303,8305
8316,8305,8306
8317,8310,8306
8318,8306,8311
8325,8306,8319
8326,8319,8321
8336,7870,8327
8337,8327,8329
8338,8329,8331
8339,8331,8332
8340,8333,8334
8343,8342,8333
8359,8333,8344
8360,8333,8346
8361,8344,8348
8362,8348,8349
8363,8349,8350
8364,8346,8351
8365,8351,8352
8366,8352,8354
8367,8348,8353
8368,8353,7842
8369,8354,8355
8370,8355,8356
8371,8356,8358
8372,8358,7846
8374,7667,8348
8376,8375,7530
8377,8375,8348
8379,7535,8378
8380,8378,7842
8383,8350,8382
8384,8382,8252
8386,11666,11878
8387,10632,11653
8388,10632,11647
8389,8216,8218
8390,11693,11721
8391,11693,11718
8392,11718,11692
8393,11692,11720
8398,11720,11658
8399,11658,8395
8400,8395,8397
8404,11691,11720
8405,11691,11719
8406,11753,11719
8407,11719,8401
8408,8401,8402
8409,8403,8402
8415,8402,8410
8416,8410,8411
8417,8411,8413
8418,8413,11536
8423,8419,8420
8424,8420,8421
8425,8421,8422
8426,8422,8414
8432,8414,8427
8433,8427,8428
8434,8429,8428
8435,8428,8431
8436,8431,8438
8447,8438,8439
8448,8439,8440
8449,8441,8440
8450,8440,8442
8451,8442,8443
8452,8443,8444
8453,8444,8445
8454,8445,8446
8455,8446,4884
8456,8397,8445
8459,8457,4884
8460,4884,8458
8461,8458,8462
8466,8462,8463
8467,8463,7558
8468,8464,7558
8469,7558,4947
8470,7282,7283
8471,7283,7291
8472,7291,7286
8473,7286,7287
8474,7278,7272
8475,7292,7293
8476,7293,7277
8477,7277,7294
8480,8478,8479
8481,8479,7303
8486,7126,8485
8487,8485,7098
8488,7430,7098
8489,7297,7299
8490,7299,7100
8493,8350,8492
8494,8492,8254
8496,8254,8495
8497,8495,8462
8499,8350,8498
8500,8498,7397
8503,8502,8445
8504,8321,8502
8507,7694,7526
8583,8581,8582
8587,8584,8585
8588,8585,8586
8594,8589,8590
8595,8590,8591
8596,8592,8591
8597,8591,8593
8598,8593,8585
8600,8599,8589
8605,8603,11676
8606,11676,11782
8607,11782,11776
8608,8604,8603
8611,11781,11779
8612,8610,8609
8613,11677,11781
8614,11778,11776
8615,8609,11677
8616,11901,11677
8617,11900,11779
8618,11775,11785
8619,11899,11785
8620,11896,11788
8621,11788,11789
8622,11789,11771
8623,11895,11771
8624,11770,11792
8625,11894,11792
8626,11792,11790
8627,11767,8673
8628,11633,11674
8629,11633,11636
8630,11674,11749
8631,11637,11634
8632,11632,11732
8633,11638,11632
8634,11634,11675
8635,11734,11725
8636,11736,11727
8637,11733,11724
8638,12036,11735
8639,11731,11723
8640,11735,11726
8641,12037,11736
8642,11726,11736
8643,11732,11689
8644,11689,11731
8645,12033,11731
8646,11725,11735
8647,12032,11732
8648,12034,11733
8649,11723,11733
8650,11727,11737
8651,11724,11734
8652,12035,11734
8653,10694,11740
8654,11740,11739
8655,11737,11728
8656,11728,11738
8657,11729,11739
8658,11738,11729
8660,12038,11738
8661,11738,11643
8662,11643,8659
8663,8659,11673
8664,11673,8667
8665,11739,11730
8666,11730,8669
8674,8668,8667
8675,8668,8669
8676,8670,8669
8677,8670,8671
8678,8672,8671
8679,8672,8673
8509,11694,11717
8510,11694,11721
8511,11755,11721
8514,11721,11661
8515,11661,8512
8516,11802,11717
8517,11801,11717
8518,11684,11717
8519,11800,11717
8520,11695,11717
8521,11695,11716
8522,11697,11714
8523,11697,11715
8524,11756,11715
8525,11696,11715
8526,11696,11716
8527,11685,11716
8529,8528,11714
8530,11698,11714
8531,11678,11698
8532,11699,11678
8533,11699,11713
8534,11825,11713
8535,11799,11713
8537,8536,11713
8538,11701,11713
8542,11822,11711
8543,11705,11711
8544,8540,11711
8545,11711,11704
8546,11704,11712
8547,11820,11712
8548,11700,11712
8549,11700,11713
8551,11751,11709
8552,11709,11707
8553,11707,11708
8554,11752,11708
8555,11708,11706
8556,11706,11710
8557,11758,11710
8558,11710,11705
8561,8559,11709
8562,8559,8717
8573,8564,8563
8574,8563,8567
8575,8567,8568
8576,8568,8570
8577,8570,8571
8578,8572,8571
8579,8571,11690
8580,11690,11709
8680,11749,11747
8681,11746,8671
8685,11669,8683
8686,8682,11670
8687,11670,8684
8688,8684,11669
8689,8683,11671
8690,11671,11747
8694,8684,11668
8695,11668,8691
8696,8691,11667
8697,11667,10618
8698,10618,11650
8699,11650,8693
8700,8693,11686
8701,11686,8673
8702,11662,8692
8707,8703,8673
8708,11798,8705
8709,8704,11701
8710,11702,8704
8711,8705,8536
8712,11797,8705
8713,8703,8705
8714,11893,8673
8720,11795,8717
8721,11796,8717
8722,8716,8667
8723,8716,8718
8724,8715,8718
8725,8715,8717
8727,8726,8733
8728,8726,8717
8738,8730,8732
8739,8732,8733
8740,8734,8735
8741,8735,8733
8742,8736,8733
8743,8737,8733
8744,11793,8733
8745,11794,8733
8749,11745,11642
8750,11744,11681
8751,11743,11682
8752,11642,8737
8753,8747,11642
8754,11681,8747
8755,8746,11681
8756,11682,8746
8782,8762,8769
8783,8758,11682
8784,8775,8767
8785,8760,8765
8786,8759,11641
8787,8771,8766
8788,8772,8765
8789,8765,8759
8790,8766,8760
8791,8768,8762
8792,8769,8757
8793,8770,8767
8794,11742,11641
8795,8774,8775
8796,8767,8761
8797,11641,8758
8798,8769,8773
8799,8761,8766
8800,8757,8774
8801,8777,8767
8802,8778,8777
8818,8803,8734
8819,8804,8803
8820,8805,8734
8821,8807,8805
8822,8808,8807
8823,8809,8808
8824,8845,8809
8825,8811,8809
8826,8811,8812
8827,8813,8812
8828,8766,8813
8829,8766,8814
8830,8814,8804
8831,8816,8804
8832,8816,8809
8835,8812,8833
8836,8833,8834
8838,8834,8837
8839,8837,8734
8841,8840,8834
8844,8667,8540
8846,8845,11682
8847,8586,8563
8848,8563,8581
8849,1829,6814
8852,8851,10426
8854,8853,6916
8866,8855,8853
8867,8856,8855
8868,8858,8856
8869,8863,8858
8870,8860,8859
8871,8860,8862
8872,8862,8863
8873,8864,8862
8874,8864,8865
8883,8875,8855
8884,8876,8875
8885,8878,8876
8886,8879,8878
8887,8880,8879
8888,8880,8881
8890,8889,6779
8892,8891,6781
8895,8894,8563
8901,8896,8402
8902,8897,8402
8903,8899,8402
8904,8900,8402
8905,8898,8402
8908,8907,8402
8915,8909,8438
8916,8910,8438
8917,8911,8438
8918,8914,8438
8919,8912,8438
8920,8913,8438
8923,8921,8766
8927,8807,8925
8928,8925,8730
8937,8929,8930
8938,8931,8930
8939,8932,8936
8940,8932,8933
8941,8929,8933
8942,8931,8589
8943,8935,8930
8951,8944,8936
8952,8944,8945
8953,8945,8946
8954,8946,8949
8955,8949,8950
8956,8950,8585
9005,8959,8945
9006,8969,8977
9007,8968,8980
9008,8973,8960
9009,8978,8973
9010,8965,8963
9011,8977,8970
9012,8964,8974
9013,8963,8981
9014,8979,8968
9015,8980,8966
9016,8981,8964
9017,8974,8959
9018,8976,8972
9019,8983,8982
9020,8982,8971
9021,8962,8965
9022,8972,8957
9023,8960,8967
9024,8966,8978
9025,8957,8983
9026,8961,8969
9027,8970,8979
9028,8975,8976
9029,8971,8961
9030,8967,8962
9031,8965,8987
9032,8988,8965
9033,8989,8965
9034,8990,8967
9035,8993,8966
9036,8994,8966
9037,8995,8966
9038,8997,8968
9039,8998,8970
9040,8999,8969
9041,9000,8971
9042,9002,9001
9043,9002,8983
9044,9003,8972
9058,9049,8834
9059,9050,9049
9060,9051,9050
9061,9053,9051
9062,9054,9053
9063,9055,9053
9064,9056,9055
9065,8987,9056
9081,9076,9074
9082,9066,8975
9083,9068,9067
9084,9073,9076
9085,9077,9078
9086,9074,9079
9087,9067,9075
9088,9074,9066
9089,9077,8975
9133,9101,9097
9134,9102,9111
9135,9111,9112
9136,9107,9093
9137,9112,9096
9138,9108,9098
9139,9092,9105
9140,9098,9109
9141,9113,9114
9142,9093,9110
9143,9090,9113
9144,9109,9090
9145,9091,9104
9146,9095,9102
9147,9114,9107
9148,9110,9100
9149,9105,9091
9150,9100,9106
9151,9106,9092
9152,9096,9101
9153,9103,9095
9154,9094,9103
9155,9097,9050
9156,9104,9094
9157,9115,9101
9158,9116,9112
9159,9109,9120
9160,9123,9107
9161,9124,9123
9162,9125,9110
9163,9126,9106
9164,9127,9105
9165,9131,9103
9166,9132,9102
9179,9074,9167
9180,9167,9168
9181,9168,9171
9182,9168,9173
9183,9173,9174
9184,9174,9175
9185,9175,9176
9186,9176,8921
9187,9176,9177
9188,9177,9178
9195,8995,9192
9196,9193,9192
9197,9193,9050
9201,9198,9178
9202,9198,9050
9207,9203,9204
9208,9204,9205
9209,9205,9206
9210,9206,9053
9215,9168,9211
9216,9211,9192
9217,9168,9212
9218,9212,9178
9222,9219,9105
9223,9219,9178
9231,9224,9225
9232,9225,9226
9233,9226,9227
9234,9227,9228
9235,9228,9229
9236,9229,9178
9237,9228,9230
9238,9230,9102
9241,9239,8730
9242,9050,9239
9257,9248,9251
9258,9245,9249
9259,9249,9250
9260,9252,9251
9261,9247,9251
9262,9244,9243
9263,9253,9243
9264,9248,8945
9265,9254,9243
9266,9255,9254
9267,9252,9243
9268,9244,9250
9281,9269,8945
9282,9270,8945
9283,9269,9275
9284,9275,9276
9285,9276,9243
9286,9270,9278
9287,9278,9280
9288,9280,9251
9290,9289,8945
9314,8945,9292
9315,9292,9293
9316,9296,9293
9317,9298,9296
9318,9298,9299
9319,9298,9301
9320,9299,9300
9321,9301,9303
9322,9298,9304
9323,9304,9305
9324,9308,8945
9325,9305,9308
9326,9305,9309
9327,9309,9310
9328,9303,8599
9337,9332,9329
9338,9329,9330
9339,9329,9331
9340,8945,9332
9341,9330,9334
9342,9334,9335
9343,9335,9336
9353,9344,9298
9354,9345,9344
9355,9345,9348
9356,9345,9347
9357,9348,9349
9358,9347,9350
9359,9350,9352
9360,9352,11514
9363,9293,9361
9364,9361,11514
9365,9362,11514
9374,9289,9366
9375,9367,9366
9376,9369,9367
9377,9369,9370
9378,9370,9373
9398,9381,9366
9399,9381,9382
9400,9382,9386
9401,9386,9387
9402,9382,9388
9403,9388,9390
9404,9390,9392
9405,9392,9395
9406,9397,9390
9432,9390,9407
9433,9407,9409
9434,9409,9411
9435,9411,9414
9436,9416,9409
9437,9409,9417
9438,9417,9419
9439,9419,9420
9440,9420,9421
9441,9421,9422
9442,9422,9369
9443,9390,9423
9444,9423,9425
9445,9426,9390
9446,9426,9427
9447,9429,9419
9448,9429,9427
9449,9431,9421
9450,9431,9427
9453,9369,9451
9503,9500,12128
9504,12310,12312
9505,9451,9458
9513,9506,9507
9514,9507,9510
9515,9510,9512
9516,9512,9382
9519,9518,9382
9527,9506,9522
9528,9525,9506
9529,9522,9523
9530,9525,9526
9539,9531,9533
9540,9533,9534
9541,9534,9536
9542,9536,9537
9543,9534,9538
9544,9538,9506
9574,9547,9549
9575,9550,9547
9576,9549,9568
9577,9548,9549
9578,9546,9558
9579,9549,9552
9580,9549,9565
9581,9558,9563
9582,9554,9546
9583,9563,9551
9584,9564,9562
9585,9564,9558
9586,9567,9531
9587,9548,9531
9595,9590,9531
9596,9589,9531
9597,9590,9591
9598,9591,9589
9599,9591,9592
9600,9592,9526
9615,9591,9602
9616,9602,9604
9617,9604,9605
9618,9605,9606
9619,9604,9607
9620,9607,9608
9621,9608,9610
9622,9610,9612
9623,9608,9613
9624,9613,9614
9627,9614,9625
9628,9625,9626
9647,9614,9629
9648,9629,9631
9649,9631,9632
9650,9632,9633
9651,9631,9634
9652,9634,9635
9653,9635,9637
9654,9637,9638
9655,9635,9639
9656,9639,9641
9657,9641,9642
9658,9642,9643
9659,9645,9635
9660,9645,9646
9663,9646,9662
9664,9662,11514
9665,11514,11513
9678,9331,9666
9679,9666,9667
9680,9667,9668
9681,9666,9669
9682,9669,9671
9683,9671,9672
9684,9672,9673
9685,9674,9673
9686,9675,9674
9687,9677,9675
9688,9666,9677
9691,9689,9690
9692,9690,11508
9700,8582,9694
9701,8582,9695
9702,9695,9697
9703,9694,9698
9707,9336,9704
9708,9704,11679
9709,8528,11679
9710,9705,11679
9711,9697,9706
9712,9706,11679
9714,9698,9713
9715,9713,11679
9717,9673,9716
9718,9716,9336
9727,9668,9719
9728,9719,9720
9729,9720,9722
9730,9722,9723
9731,9724,9723
9732,9725,9723
9733,9726,9723
9735,9668,9734
9736,9734,9698
9738,9641,9737
9739,9737,9345
9750,9740,9741
9751,9741,9743
9752,9743,9742
9753,9743,9745
9754,9745,9746
9755,9746,9747
9756,9747,9748
9757,9776,9749
9758,9749,9689
9760,9759,9668
9761,9759,9612
9764,9612,9762
9765,9762,9763
9766,9723,11685
9770,9526,9768
9771,9768,9746
9781,9591,9772
9782,9772,9773
9783,9591,9775
9784,9775,9776
9785,9776,9777
9786,9777,9778
9787,9778,9779
9788,9779,9748
9789,9776,9780
9790,9780,9748
9798,9794,9795
9799,9795,9796
9800,9796,9797
9801,9797,9866
9808,9802,9803
9809,9803,9804
9810,9804,9805
9811,9805,9866
9812,9763,9807
9813,9807,9806
9823,9815,9814
9824,9815,9816
9825,9814,9817
9826,9817,9818
9827,9818,9819
9828,9819,9820
9829,9818,9822
9830,9822,9531
9845,9832,9591
9846,9834,9832
9847,9834,9836
9848,9834,9835
9849,9836,9837
9850,9835,9838
9851,9840,9834
9852,9842,9840
9853,9842,9843
9854,9843,9844
9861,9856,9855
9862,9855,9814
9863,9859,9858
9864,9856,9859
9871,9748,9865
9872,9865,9866
9873,9866,9867
9874,9867,9723
9875,11508,9868
9876,9868,9869
9877,9869,9870
9878,9870,9723
9884,9806,9880
9885,9880,9881
9886,9883,9723
9887,9881,9883
9889,9881,8907
9900,9890,9891
9901,9891,9893
9902,9894,9893
9903,9893,9895
9904,9895,9897
9905,9896,9897
9906,9897,9898
9907,9898,9899
9908,9899,8898
9917,4874,9909
9918,9909,9910
9919,9910,9911
9920,9911,9912
9921,9912,9913
9922,9913,9914
9923,9914,9915
9924,9915,9916
9942,9916,9925
9943,9925,9926
9944,9926,9927
9945,9927,9928
9946,9928,9929
9947,9929,9930
9948,9930,9931
9949,9931,9932
9950,9932,9933
9951,9933,9934
9952,9934,9935
9953,9935,9936
9954,9936,9937
9955,9937,9938
9956,9938,9939
9957,9939,9940
9958,9940,9941
9959,9941,9842
9968,9914,9962
9969,9962,9964
9970,9914,9966
9971,9966,9967
9977,9916,9972
9978,9916,9974
9979,9974,9976
9980,9972,9975
9986,9926,9984
9987,9984,9985
9990,9928,9988
9991,9988,9989
9995,9930,9993
9996,9993,9994
10000,9932,9998
10001,9998,9999
10010,9932,10003
10011,10003,10004
10012,9932,10006
10013,10006,10007
10014,10007,10009
10015,10009,10004
10019,9934,10017
10020,10017,10018
10024,9936,10022
10025,10022,10023
10029,10027,9936
10030,10027,10028
10035,9938,10033
10036,10033,10034
10040,9940,10038
10041,10038,10039
10044,6538,10043
10045,10043,10046
10051,9976,10047
10052,10047,10048
10053,10048,10049
10054,10049,10050
10056,10050,10055
10057,10055,5014
10059,9964,10058
10062,10058,10060
10063,10060,10061
10064,10061,5014
10071,10060,10066
10072,10066,10067
10073,10069,10067
10074,4841,10069
10076,9926,10075
10077,10075,10067
10081,8440,10078
10082,10078,10079
10084,10079,10083
10085,10083,4887
10087,10086,4887
10092,9930,10088
10093,10088,10090
10095,10090,10094
10096,10094,8462
10098,10097,8462
10100,10099,8462
10104,8445,10101
10105,10101,10102
10106,10102,10103
10107,10103,8462
10109,10004,10108
10110,10108,8443
10113,10111,9936
10114,10111,10112
10116,8428,10115
10117,10115,10112
10122,11536,10118
10123,10118,10120
10124,10120,10121
10125,10121,8438
10126,10112,8914
10128,10028,8900
10129,10028,8913
10131,9932,10130
10132,10130,10102
10136,9940,10134
10137,10134,11683
10138,11683,11684
10140,9838,10139
10141,10139,11683
10143,9838,10142
10144,10142,9806
10146,9806,10145
10147,10145,9689
10152,10150,10151
10153,10151,3256
10154,5101,10150
10160,4984,10155
10161,10155,10156
10162,10156,10157
10163,10157,10158
10164,10158,10159
10166,10159,10165
10167,10165,9912
10170,10169,9912
10171,10169,10159
10172,5058,5101
10176,10155,10173
10177,10173,10174
10180,10155,10178
10181,10178,10179
10187,10159,10183
10188,10183,10184
10189,10184,10185
10190,10185,10186
10195,10184,10192
10196,10192,10193
10197,10193,10194
10201,10199,10200
10202,10200,9856
10206,10199,10204
10207,10204,10205
10209,10194,10199
10211,4890,11622
10217,10213,10215
10218,10213,10214
10219,10216,10215
10224,10222,10223
10225,10221,10220
10226,10220,10222
10227,10223,8462
10231,10228,10229
10232,10229,10230
10233,10230,8909
10241,10234,10235
10242,10236,10237
10243,10237,10238
10244,10239,10238
10250,10248,10245
10251,10246,10245
10252,10247,10246
10258,10255,10254
10259,10253,10254
10260,10257,10253
10268,10261,10262
10269,10262,10263
10270,10263,10264
10271,10264,10265
10272,10266,10265
10273,9518,9646
10275,9397,9366
10276,9416,9366
10278,8582,10277
10279,10277,9675
10282,8582,10280
10283,10280,10281
10286,10281,10285
10287,10285,9336
10291,10205,8912
10293,10235,10236
10296,10295,1361
10297,1356,10295
10299,1365,10298
10301,10300,8879
10302,10304,10300
10305,10307,10303
10306,10303,10304
10309,10308,10307
10310,10308,8881
10313,10311,10304
10314,10311,10312
10317,10315,10307
10318,10315,10316
10320,5442,10319
10321,10319,7080
10323,10322,7080
10324,10322,6335
10326,10325,6335
10327,10325,7076
10330,3844,10328
10331,10328,10329
10334,10332,5673
10335,10333,10332
10338,10337,5684
10339,6538,10337
10342,1921,10340
10343,10340,10341
10346,10345,10344
10347,6335,10345
10350,10349,10348
10351,10349,5442
10353,10352,10348
10354,6335,10352
10359,10355,6892
10360,10355,10356
10361,10356,10358
10362,10358,6890
10366,10363,6892
10367,10363,10365
10374,10368,10365
10375,10368,10370
10376,10372,10370
10377,10373,10372
10393,10378,10379
10394,10379,10380
10395,10380,10382
10396,10382,10383
10397,10385,10380
10398,10383,10386
10399,10386,10387
10400,10388,10387
10401,10389,10388
10402,10392,10389
10403,10392,10380
10405,10404,10370
10406,10387,10404
10427,10407,10408
10428,10408,10409
10429,10410,10411
10430,10411,10412
10431,10413,10414
10432,10414,10415
10433,10415,10417
10434,10417,10418
10435,10418,10420
10436,10420,10421
10437,10423,10421
10438,10423,10424
10439,10421,10425
10440,10425,10426
10444,10441,10387
10445,10442,10441
10447,10446,10442
10448,10426,10446
10450,10449,10380
10451,10424,10449
10496,10452,10462
10497,10453,10452
10498,10455,10453
10499,10456,10455
10500,10470,10458
10501,10484,10464
10502,10478,10462
10503,10460,10461
10504,10461,10481
10505,10463,10484
10506,10462,8851
10507,10465,10484
10508,10465,10486
10509,10466,10456
10510,10466,10459
10511,10469,10468
10512,10469,10470
10513,10475,10453
10514,10474,10476
10515,10459,10474
10516,10475,10459
10517,10476,10488
10518,10488,10470
10519,10468,10478
10520,10464,10468
10521,10481,10482
10522,10482,10484
10523,10486,10487
10524,10487,10459
10525,10491,10456
10526,10463,10412
10527,10492,10491
10528,10494,10492
10529,10494,10495
10530,10458,10424
10532,10531,5540
10533,5522,10531
10537,10535,1118
10538,10536,10535
10540,10536,10539
10541,10539,1118
10547,10545,10543
10548,10546,10545
10550,10549,10543
10551,3404,10549
10553,10543,10552
10554,10552,4404
10557,10556,10555
10558,10543,10556
10561,10157,10559
10562,10559,10560
10565,10159,10563
10566,10563,10564
10569,10193,10567
10570,10567,10568
10573,10199,10571
10574,10571,10572
10576,9814,10575
10577,10575,11639
10579,10578,1256
10581,10580,1252
10583,10582,4884
10585,10584,8402
10586,11754,11721
10587,11824,11713
10588,11821,11711
10590,10589,8571
10592,10591,9251
10594,10593,8974
10596,10595,8974
10597,11750,11709
10599,10598,7495
10600,11898,11768
10601,11897,11768
10603,10602,8733
10604,12039,11739
10605,12040,11739
10606,9130,9104
10608,10607,9101
10610,10609,9101
10611,11883,11877
10613,10612,7559
10615,10614,7834
10617,10616,9899
10620,10619,10618
10621,8692,10619
10622,11768,11662
10623,8673,11702
10624,8669,11703
10625,11703,8692
10627,10626,10618
10628,10626,10629
10630,11652,8159
10631,10629,11652
10633,11645,11776
10634,10632,11645
10635,11773,11788
10638,10694,10636
10639,10636,10637
10640,10637,11672
10641,11672,8667
10643,1305,10642
10644,10642,1302
10647,10646,10645
10648,6241,10646
10650,10645,10649
10651,10649,6269
10655,10654,10653
10656,1170,10654
10659,10657,10658
10660,10658,1170
10663,10657,10661
10664,10661,10662
10666,10665,10048
10667,7697,10665
10675,10672,10674
10677,10676,7164
10678,10672,10676
10680,10456,10679
10682,10409,10681
10684,10412,10683
10686,10492,10685
10687,132,3731
10688,3731,90
10689,156,666
10691,10690,1183
10693,10692,4882
10695,11741,10694
10696,11675,11741
10697,11644,10637
10698,11735,11644
10699,10632,11648
10700,11648,11738
10701,11649,8705
10702,10618,11649
11429,11640,11768
11430,11776,11640
11432,11431,5014
11434,11433,8462
11436,11435,8438
11438,11437,8402
11440,11439,9723
11442,11441,8438
11444,11443,8402
11446,11445,11717
11448,11447,11508
11449,11757,11679
11451,11450,9723
11452,11819,9336
11454,11453,7506
11456,11455,4882
11458,11457,4878
11460,11459,4878
11462,11461,7518
11464,11463,4887
11466,11465,7551
11468,11467,8462
11470,11469,7842
11471,11891,11842
11472,11892,11842
11474,11473,4884
11476,11475,7842
11478,11477,8733
11480,11479,8733
11482,11481,8705
11483,11885,4860
11485,11484,11717
11486,11823,11713
11488,11487,8563
11490,11489,8966
11492,11491,9102
11494,11493,8834
11496,11495,9053
11498,11497,4836
11500,11499,1252
11502,11501,1247
11504,11503,5114
11506,11505,6855
11510,11512,11509
11511,11509,11508
11515,11513,11512
11519,11518,9251
11521,11520,8968
11522,11520,9178
11524,11523,7558
11527,11525,11526
11528,11526,7558
11530,11529,4858
11531,7776,11529
11532,8512,8899
11534,11536,11533
11535,11533,8414
11538,11537,8271
11539,7876,11537
11541,7876,11540
11542,11540,8263
11545,11543,9869
11546,11544,11543
11549,11547,11548
11552,11550,11551
11553,11551,11678
11556,11554,11813
11557,11555,11554
11560,11558,7842
11561,11559,11558
11564,11562,7551
11565,11563,11562
11568,11566,11567
11569,11567,4887
11586,11584,11585
11587,11585,1100
11589,1039,11588
11590,11588,155
11592,11591,60
11595,11593,11594
11596,11594,10
11598,11597,11593
11600,11599,11593
11602,11601,11
11605,11603,11604
11606,11604,10
11609,11608,11603
11610,11607,11603
11612,1513,12019
11614,11616,11613
11615,11613,1113
11619,11617,11618
11620,11618,1128
11623,11622,11621
11625,11624,12055
11627,11626,12053
11630,11870,11814
11631,11814,11869
11680,11548,11679
11748,11747,11746
11769,11768,11767
11772,11771,11770
11774,11783,11773
11777,11776,11775
11780,11779,11778
11786,11784,11783
11787,11785,11784
11791,11790,11768
11830,11828,11827
11831,11829,11828
11843,11840,11839
11844,11841,11840
11845,11842,11841
11903,4895,11902
11904,11902,4890
11906,11905,4895
11907,4892,11905
11909,11908,4892
11910,4891,11908
11912,11911,4891
11913,11628,11911
11915,11914,11628
11916,4894,11914
11918,11917,11628
11919,13189,11917
11921,11920,4894
11922,4893,11920
11924,11923,4893
11925,10174,11923
11927,11926,9499
11928,9469,11926
11930,11929,9469
11931,13183,11929
11933,11932,13183
11934,9455,11932
11936,11935,9455
11937,9476,11935
11939,11938,9476
11940,13181,11938
11942,11941,13181
11943,9461,11941
11945,11944,9461
11946,9496,11944
11948,11947,9496
11949,9472,11947
11951,9495,11950
11952,11950,9462
11954,9462,11953
11955,11953,9479
11957,9479,11956
11958,11956,9459
11960,9459,11959
11961,11959,9467
11963,9467,11962
11964,11962,9486
11966,9486,11965
11967,11965,9491
11969,9491,11968
11970,11968,13185
11972,13185,11971
11973,11971,9456
11975,9456,11974
11976,11974,9463
11978,9463,11977
11979,11977,9485
11981,9493,11980
11982,11980,13187
11984,9485,11983
11985,11983,9470
11987,9470,11986
11988,11986,9460
11990,9460,11989
11991,11989,9471
11993,9471,11992
11994,11992,9464
11996,9464,11995
11997,11995,9493
12000,9454,11998
12001,11998,9487
12002,9487,11999
12003,11999,12150
12005,9497,12004
12006,12004,9454
12010,9458,12007
12011,12007,9457
12012,9457,12008
12013,12008,9482
12014,9482,12009
12015,12009,9497
12017,12016,11877
12018,12016,11815
12021,6293,12020
12023,6289,12022
12046,12045,10
12048,12047,14
12050,12049,11514
12051,8974,9045
12052,9045,8936
12054,4895,11626
12056,4892,11624
12059,4891,12057
12060,12057,12058
12062,12061,12058
12063,4893,12061
12068,9458,12067
12069,12067,12070
12073,9457,12071
12074,12071,12072
12077,9482,12075
12078,12075,12076
12081,9497,12079
12082,12079,12080
12085,12084,12083
12086,9454,12084
12097,12089,12088
12098,12090,12089
12099,12090,12091
12100,12091,12092
12101,12094,12090
12102,12095,12094
12103,12096,12095
12104,12083,12096
12107,12095,12105
12108,12105,12106
12111,12110,12109
12112,12088,12110
12117,12088,12113
12118,12113,13172
12119,12116,12115
12120,12114,12116
12123,12122,12109
12124,9487,12122
12126,9481,12125
12127,12125,13167
12130,12128,12129
12131,12129,12132
12135,12132,12134
12136,12134,12137
12141,12137,12139
12142,12139,12231
12147,12140,12144
12148,12144,12145
12153,12150,12151
12154,12151,12155
12160,12155,12156
12161,12156,12158
12162,12158,12159
12163,12159,12164
12169,12164,12166
12170,12166,12167
12171,12167,12168
12172,12168,13163
12178,12158,12176
12179,12176,12177
12185,12137,12182
12186,12182,12184
12190,12140,12187
12191,12187,12189
12194,12145,12192
12195,12192,12193
12197,12193,12196
12198,12196,9472
12201,12193,12199
12202,12199,12200
12206,12205,9495
12207,12200,12205
12217,12150,12214
12218,12214,12216
12226,13167,12224
12227,12224,12225
12229,12231,12228
12230,12228,13171
12233,12231,12232
12234,12232,12140
12241,12238,12240
12242,9496,12238
12246,9476,12243
12247,12243,12244
12251,9455,12248
12252,12248,12249
12255,9468,13184
12256,9468,12253
12260,12258,9499
12261,12258,12259
12265,12263,9469
12266,12263,12264
12270,12268,13182
12271,12268,12253
12275,9491,12272
12276,12272,12274
12280,9467,12277
12281,12277,12279
12285,9464,12282
12286,12282,12284
12293,12291,9485
12294,12291,12292
12299,12296,9493
12300,12296,12298
12304,12302,13188
12305,12302,12303
12309,12306,9463
12313,12310,9470
12314,12306,12308
12318,12315,9460
12319,12315,12317
12323,12320,9471
12324,12320,12322
12327,12325,9462
12328,12325,12326
12331,12329,9479
12332,12329,12330
12335,12333,9459
12336,12333,12334
12339,12337,9486
12340,12337,12338
12343,12341,9456
12344,12341,12342
12349,12346,13186
12350,12346,12348
12352,12351,9074
12356,13135,12353
12357,12354,13135
12362,12378,12358
12363,12358,12359
12364,12361,12359
12365,12361,12369
12367,12353,12366
12368,12366,12351
12374,12369,12354
12375,12370,12369
12376,12371,12370
12377,12373,12371
12383,12380,12379
12384,12379,12382
12385,12379,12373
12386,12381,12380
12388,12387,12379
12391,12389,12387
12392,12390,12389
12395,12393,12390
12396,12394,12393
12408,12397,12394
12409,12398,12397
12410,12399,12398
12411,12400,12399
12412,12401,12400
12413,12405,12401
12414,12403,12401
12415,12401,12404
12416,12406,12405
12417,12407,12403
12428,12419,12406
12429,12422,12420
12430,12423,12422
12431,12424,12423
12432,12425,12424
12433,12426,12423
12434,12427,12426
12436,12435,12419
12438,12437,12435
12439,12420,12437
12444,12440,12425
12445,12441,12440
12446,12442,13266
12447,13136,12442
12453,12449,12450
12454,12450,12451
12455,12451,12452
12456,12452,13136
12459,12457,12449
12460,12458,12457
12469,12461,12458
12470,12462,12463
12471,12464,12462
12472,12465,12462
12473,12466,12465
12474,12467,12464
12477,12475,12466
12478,12476,12475
12481,12480,12476
12482,13137,12480
12485,12483,13235
12486,12484,12483
12489,13139,12487
12492,12490,13139
12493,12491,12490
12495,12494,12491
12498,12496,12397
12499,12497,12496
12502,12501,12497
12503,12500,12501
12505,12504,12500
12508,12506,12507
12509,12507,13258
12512,12510,12511
12513,12511,12506
12517,12515,12516
12518,12516,12510
12521,12519,12520
12522,12520,12515
12524,12523,12515
12529,12527,12528
12530,12528,12519
12532,12531,12527
12534,12533,12531
12538,12535,12536
12539,12536,12537
12540,12537,12506
12542,12541,12536
12545,13131,12543
12546,13131,12535
12551,12547,12548
12552,12543,12547
12553,12549,12556
12554,12550,12549
12557,12555,12556
12558,12556,12548
12560,12559,12555
12567,12563,12562
12568,12564,12563
12569,12564,12565
12570,12565,12559
12572,12561,12571
12574,12573,12561
12576,12575,12573
12578,12577,12561
12581,12579,13132
12582,12580,12579
12584,12583,12585
12586,12585,12580
12588,12468,12461
12591,12590,12451
12592,12589,12590
12595,12594,12593
12596,12593,12589
12601,12597,12599
12602,12599,12598
12603,12598,12600
12604,12600,12441
12607,12605,12606
12608,12606,12435
12616,12609,12605
12617,12610,12609
12619,12612,12615
12620,12614,12613
12621,12613,12611
12618,12610,12622
12629,12624,12623
12630,12623,12625
12631,12625,12626
12632,12626,12628
12633,12628,12615
12636,12635,12624
12644,12637,12423
12645,12638,12637
12646,12639,12638
12647,12642,12640
12648,12640,12641
12649,12643,12642
12650,12640,12639
12656,12652,12653
12657,12653,12654
12658,12654,12655
12659,12655,12640
12663,12660,12666
12664,12661,12662
12665,12662,12654
12667,12666,12661
12671,12668,12669
12672,12669,12670
12673,12670,12652
12676,12675,12668
12684,12677,12679
12685,12680,12677
12686,12681,12680
12687,12677,12682
12688,12683,12677
12689,12679,12675
12691,13134,12690
12692,12690,12669
12694,12693,13134
12695,13133,12693
12697,12696,13133
12698,13273,12696
12708,12706,12707
12711,12710,12707
12712,12706,12652
12713,12710,12709
12715,12714,12707
12716,12717,12714
12720,12718,12719
12721,12719,12709
12724,12722,12723
12725,12723,12484
12728,12726,12727
12729,12727,12722
12732,12731,12730
12733,12730,12726
12736,12734,12735
12737,12735,13208
12742,12738,12739
12743,12739,12740
12744,12740,12741
12745,12741,12734
12749,13138,12746
12750,12746,12747
12751,12747,12748
12752,12748,12738
12758,12753,12754
12759,12755,12757
12760,12754,13212
12761,12756,12753
12762,12757,12756
12764,12763,12755
12766,12765,12484
12767,13128,12765
12770,12768,13128
12771,12769,12768
12775,12772,12484
12776,12773,12772
12777,12774,12773
12778,13129,12774
12781,12780,12779
12782,12779,12769
12785,12783,13129
12786,12784,12783
12788,13130,12787
12789,12787,12773
12792,12790,13130
12793,12791,12790
12802,12799,12798
12803,12799,12800
12804,12800,12801
12805,12801,12734
12807,12806,12809
12810,12809,12798
12816,12814,12815
12817,12815,12731
12820,12818,12814
12823,12821,12822
12824,12822,12819
12825,12819,12818
12827,12826,12828
12829,12828,12821
12834,12833,12832
12835,12833,12740
12837,12836,12832
12839,12838,12836
12844,12840,12842
12845,12841,12840
12846,12843,12842
12847,12843,12740
12856,12849,12848
12857,12849,12851
12858,12851,13138
12859,12852,13208
12860,12853,12852
12861,12854,12853
12862,12855,12854
12865,12863,12864
12866,12864,12850
12871,12867,12747
12872,12867,12868
12873,12869,12868
12874,12870,12869
12878,12875,12876
12879,12877,12876
12881,12875,12880
12883,12882,12877
12886,12884,12877
12887,12885,12884
12893,12888,12890
12894,12889,12891
12895,12892,12889
12897,12896,12892
12898,12888,12885
12902,12491,12901
12903,12901,12889
12905,12798,12904
12906,12904,12849
12908,12868,12907
12909,12907,12849
12911,12842,12910
12912,12910,12849
12914,12913,12849
12915,12913,12832
12919,12462,12916
12920,12916,12917
12921,12918,12917
12922,12918,12458
12928,12924,12926
12929,12927,12926
12930,12927,12425
12931,12462,12924
12933,13130,12932
12934,13218,12932
12936,13129,12935
12937,13216,12935
12939,12938,12926
12940,12598,12938
12942,13128,12941
12943,13215,12941
12947,12753,12944
12948,12944,12945
12949,12946,12945
12950,12946,13206
12954,12718,12951
12955,12951,12952
12956,12953,12615
12957,12953,12952
12962,12623,12959
12963,12959,12960
12964,12961,12960
12965,12961,12718
12970,12678,12967
12971,12967,12968
12972,12969,12968
12973,12969,13247
12978,12527,12975
12979,12975,12976
12980,12977,12976
12981,12977,12561
12985,12640,12983
12986,12983,12984
12992,12988,12989
12993,12990,12989
12994,12990,12406
13000,12996,12402
13001,12996,12997
13002,12999,12997
13003,12999,12393
13005,13004,13262
13006,12610,13004
13010,12677,13007
13011,13007,13008
13012,13009,13008
13013,13009,12669
13019,13016,9119
13020,13016,13017
13022,12580,13021
13023,13021,13017
13027,12561,13024
13028,13024,13025
13029,13026,13025
13030,13026,12559
13033,13032,13249
13034,12707,13032
13038,13035,13042
13039,13035,13036
13040,13037,13036
13041,12510,13037
13046,13042,13043
13047,13043,13044
13048,13045,13044
13049,13045,12389
13053,13052,13270
13054,12661,13052
13059,12849,13056
13060,13056,13057
13061,13058,13057
13062,13058,13218
13066,12877,13063
13067,13063,13064
13068,13065,13064
13069,13065,13113
13073,13113,13070
13074,13070,13071
13075,13072,13071
13076,13072,13217
13080,12536,13079
13081,13079,13042
13085,12547,13082
13086,13082,13083
13087,13084,13083
13088,13084,13042
13093,13133,13090
13094,13090,13091
13095,13092,13091
13096,13092,13247
13100,12669,13098
13101,13098,13249
13102,12984,13099
13103,13099,12423
13108,12378,13105
13109,13105,13106
13110,13107,13106
13111,13107,12366
13117,13114,13113
13118,13114,13115
13119,13116,13115
13120,12819,13116
13123,13122,12849
13124,12853,13122
13126,12589,13125
13127,13125,12926
13142,13140,4871
13143,13141,13140
13146,13144,7898
13147,13145,13144
13150,13148,9068
13151,13149,13148
13153,9482,13152
13154,13152,12236
13157,12164,13155
13158,13155,13156
13161,12167,13159
13162,13159,13160
13165,13163,13164
13166,13164,9481
13169,13167,13168
13170,13168,12128
13174,13172,13173
13175,13173,12114
13178,13177,13176
13179,13172,13177
13192,13191,81
13194,13193,9
12991,12423,12988
13195,12612,12610
13196,12577,13132
13198,13197,12523
13200,13199,12541
13203,13201,13205
13204,1239,13201
13207,13206,12683
13210,13209,12494
13213,13211,13137
13214,13212,13211
13220,13219,12731
13221,13208,13219
13223,13222,13215
13224,13222,12753
13226,13225,13216
13227,13225,13215
13229,13228,13217
13230,13228,13218
13232,13231,13216
13233,13231,13217
13236,13234,13212
13237,13235,13234
13238,12880,13235
13239,12487,13137
13242,13240,13241
13243,13241,7838
13246,13245,12882
12702,12700,13273
12701,12699,12700
13248,13271,12718
13251,13250,13249
13252,13250,13270
13254,13253,13270
13255,13253,12640
13260,13258,13259
13261,13259,12500
13264,13263,13262
13265,13263,12640
13268,13266,13267
13269,13267,12441
13272,13271,13247
13276,7113,13275
13277,13275,13274
13279,13290,13278
13280,13278,13288
13282,7401,13281
13283,13281,13290
13286,13285,7104
13287,13288,13285
13292,7426,13291
13293,13291,7120
13296,1381,13295
13297,13295,5684
13300,8084,13298
13301,13298,13299